Protocollo;Gruppo;DataOraIncidente;Localizzazione1;STRADA1;Localizzazione2;STRADA2;Strada02;Chilometrica;DaSpecificare;NaturaIncidente;particolaritastrade;TipoStrada;FondoStradale;Pavimentazione;Segnaletica;CondizioneAtmosferica;Traffico;Visibilita;Illuminazione;NUM_FERITI;NUM_RISERVATA;NUM_MORTI;NUM_ILLESI;Longitudine;Latitudine;Confermato;Progressivo;TipoVeicolo;StatoVeicolo;TipoPersona;Sesso;Tipolesione;Deceduto;DecedutoDopo;CinturaCascoUtilizzato;Airbag
1793591;19;07/03/2009 20:25;Strada Urbana;VIA ENRICO PESTALOZZI;in prossimità;;del civico n. ;12;;Tamponamento;Rettilineo;Una carreggiata a senso unico di marcia;Asciutto;Asfaltata;Verticale ed orizzontale;Sereno;Normale;Sufficiente;Sufficiente;0;0;0;5;;;-1;1;Autovettura privata;In marcia / fermata / arresto;Conducente;M;Illeso;0;;Non accertato;Inesistente
1793591;19;07/03/2009 20:25;Strada Urbana;VIA ENRICO PESTALOZZI;in prossimità;;del civico n. ;12;;Tamponamento;Rettilineo;Una carreggiata a senso unico di marcia;Asciutto;Asfaltata;Verticale ed orizzontale;Sereno;Normale;Sufficiente;Sufficiente;0;0;0;5;;;-1;1;Autovettura privata;In marcia / fermata / arresto;Passeggero;M;Illeso;0;;Non accertato;Inesistente
1793591;19;07/03/2009 20:25;Strada Urbana;VIA ENRICO PESTALOZZI;in prossimità;;del civico n. ;12;;Tamponamento;Rettilineo;Una carreggiata a senso unico di marcia;Asciutto;Asfaltata;Verticale ed orizzontale;Sereno;Normale;Sufficiente;Sufficiente;0;0;0;5;;;-1;1;Autovettura privata;In marcia / fermata / arresto;Passeggero;M;Illeso;0;;Non accertato;Inesistente
1793591;19;07/03/2009 20:25;Strada Urbana;VIA ENRICO PESTALOZZI;in prossimità;;del civico n. ;12;;Tamponamento;Rettilineo;Una carreggiata a senso unico di marcia;Asciutto;Asfaltata;Verticale ed orizzontale;Sereno;Normale;Sufficiente;Sufficiente;0;0;0;5;;;-1;1;Autovettura privata;In marcia / fermata / arresto;Passeggero;M;Illeso;0;;Non accertato;Inesistente
1793591;19;07/03/2009 20:25;Strada Urbana;VIA ENRICO PESTALOZZI;in prossimità;;del civico n. ;12;;Tamponamento;Rettilineo;Una carreggiata a senso unico di marcia;Asciutto;Asfaltata;Verticale ed orizzontale;Sereno;Normale;Sufficiente;Sufficiente;0;0;0;5;;;-1;2;Autovettura privata;In marcia / fermata / arresto;Conducente;M;Illeso;0;;Non accertato;Inesistente
1793592;19;08/03/2009 00:30;Provinciale;VIA BRACCIANENSE;da specificare;;;;"bis mt. 300 da staz FS ""Olgiata""";Veicolo in marcia contro ostacolo accidentale;Rettilineo;Una carreggiata a doppio senso;Asciutto;Asfaltata;Orizzontale;Nuvoloso;Scarso;Buona;Sufficiente;0;0;0;1;;;-1;1;Autovettura privata;In marcia / fermata / arresto;Conducente;M;Illeso;0;;Non accertato;Inesploso
1793593;19;08/03/2009 11:45;Strada Urbana;VIA PIETRO MAFFI;in prossimità;;del civico n. ;7;;Investimento di pedone;Rettilineo;Una carreggiata a doppio senso;Asciutto;Asfaltata;Orizzontale;Sereno;Normale;Buona;Ore Diurne;1;0;0;1;;;-1;;;;Pedone;M;Rimandato;0;NON DECEDUTO;;
1793593;19;08/03/2009 11:45;Strada Urbana;VIA PIETRO MAFFI;in prossimità;;del civico n. ;7;;Investimento di pedone;Rettilineo;Una carreggiata a doppio senso;Asciutto;Asfaltata;Orizzontale;Sereno;Normale;Buona;Ore Diurne;1;0;0;1;;;-1;1;Autovettura privata;In marcia / fermata / arresto;Conducente;F;Illeso;0;;Non accertato;Inesploso
1793594;2;06/03/2009 09:15;Strada Urbana;PIAZZA PITAGORA;in corrispondenza;;del civico n. ;6;;Tamponamento;Rettilineo;Una carreggiata a doppio senso;Asciutto;Asfaltata;Verticale ed orizzontale;Nuvoloso;Normale;Buona;Ore Diurne;0;0;0;3;;;-1;1;Autovettura privata;In marcia / fermata / arresto;Conducente;F;Illeso;0;;Non accertato;Inesistente
1793594;2;06/03/2009 09:15;Strada Urbana;PIAZZA PITAGORA;in corrispondenza;;del civico n. ;6;;Tamponamento;Rettilineo;Una carreggiata a doppio senso;Asciutto;Asfaltata;Verticale ed orizzontale;Nuvoloso;Normale;Buona;Ore Diurne;0;0;0;3;;;-1;2;Autovettura privata;In marcia / fermata / arresto;Conducente;F;Illeso;0;;Non accertato;Inesistente
1793594;2;06/03/2009 09:15;Strada Urbana;PIAZZA PITAGORA;in corrispondenza;;del civico n. ;6;;Tamponamento;Rettilineo;Una carreggiata a doppio senso;Asciutto;Asfaltata;Verticale ed orizzontale;Nuvoloso;Normale;Buona;Ore Diurne;0;0;0;3;;;-1;2;Autovettura privata;In marcia / fermata / arresto;Passeggero;M;Illeso;0;;Non accertato;Inesistente
1793595;2;06/03/2009 09:30;Strada Urbana;VIALE XVII OLIMPIADE;da specificare;;;;altezza Via Portogallo;Investimento di pedone;Rettilineo;Due carreggiate;Asciutto;Asfaltata;Verticale ed orizzontale;Nuvoloso;Scarso;Buona;Ore Diurne;0;0;0;2;;;-1;;;;Pedone;M;Illeso;0;;;
1793595;2;06/03/2009 09:30;Strada Urbana;VIALE XVII OLIMPIADE;da specificare;;;;altezza Via Portogallo;Investimento di pedone;Rettilineo;Due carreggiate;Asciutto;Asfaltata;Verticale ed orizzontale;Nuvoloso;Scarso;Buona;Ore Diurne;0;0;0;2;;;-1;1;Autovettura privata;In marcia / fermata / arresto;Conducente;F;Illeso;0;;Non accertato;Inesistente
1793596;2;06/03/2009 15:35;Strada Urbana;VIA GIUSEPPE LUIGI LAGRANGE;all'intersezione con;VIA ANTONIO BERTOLONI;VIA ANTONIO BERTOLONI;;;Scontro laterale fra veicoli in marcia;Incrocio;Una carreggiata a doppio senso;Asciutto;Asfaltata;Verticale ed orizzontale;Sereno;Scarso;Buona;Ore Diurne;0;0;0;2;;;-1;1;Autobus di linea;In marcia / fermata / arresto;Conducente;M;Illeso;0;;Esente;Inesistente
1793596;2;06/03/2009 15:35;Strada Urbana;VIA GIUSEPPE LUIGI LAGRANGE;all'intersezione con;VIA ANTONIO BERTOLONI;VIA ANTONIO BERTOLONI;;;Scontro laterale fra veicoli in marcia;Incrocio;Una carreggiata a doppio senso;Asciutto;Asfaltata;Verticale ed orizzontale;Sereno;Scarso;Buona;Ore Diurne;0;0;0;2;;;-1;2;Autovettura privata;In marcia / fermata / arresto;Conducente;M;Illeso;0;;Non accertato;Inesistente
1793597;2;06/03/2009 23:00;Strada Urbana;VIALE PIETRO DE COUBERTIN;da specificare;;;;altezza Via Dorando Pietri;Infortunio per caduta del veicolo;Curva a visuale libera;Una carreggiata a senso unico di marcia;Asciutto;Asfaltata;Verticale ed orizzontale;Sereno;Scarso;Buona;Sufficiente;1;0;0;0;;;-1;1;Motociclo a solo;In marcia / fermata / arresto;Conducente;M;Rimandato;0;NON DECEDUTO;Non accertato;Inesistente
1793598;20;01/03/2009 09:00;Strada Urbana;VIA RUBRA;all'intersezione con;VIA MONTEFIORINO;VIA MONTEFIORINO;;;Scontro frontale/laterale SX fra veicoli in marcia;Incrocio;Una carreggiata a doppio senso;Asciutto;Asfaltata;Verticale;Sereno;Scarso;Sufficiente;Ore Diurne;0;0;0;2;;;-1;1;Autovettura privata;In marcia / fermata / arresto;Conducente;M;Illeso;0;;Utilizzato;Inesistente
1793598;20;01/03/2009 09:00;Strada Urbana;VIA RUBRA;all'intersezione con;VIA MONTEFIORINO;VIA MONTEFIORINO;;;Scontro frontale/laterale SX fra veicoli in marcia;Incrocio;Una carreggiata a doppio senso;Asciutto;Asfaltata;Verticale;Sereno;Scarso;Sufficiente;Ore Diurne;0;0;0;2;;;-1;2;Autovettura privata;In marcia / fermata / arresto;Conducente;M;Illeso;0;;Non accertato;Inesploso
1793599;20;06/03/2009 11:20;Statale entro l'abitato;VIA CASSIA NUOVA;all'intersezione semaforizzata con;VIA GIOVANNI FABBRONI;VIA GIOVANNI FABBRONI;;;Scontro laterale fra veicoli in marcia;Intersezione semaforizzata;Una carreggiata a doppio senso;Asciutto;Asfaltata;Verticale ed orizzontale;Sereno;Normale;Buona;Ore Diurne;1;0;0;1;;;-1;1;Autoambulanza;In marcia / fermata / arresto;Conducente;M;Illeso;0;;Non accertato;Inesploso
1793599;20;06/03/2009 11:20;Statale entro l'abitato;VIA CASSIA NUOVA;all'intersezione semaforizzata con;VIA GIOVANNI FABBRONI;VIA GIOVANNI FABBRONI;;;Scontro laterale fra veicoli in marcia;Intersezione semaforizzata;Una carreggiata a doppio senso;Asciutto;Asfaltata;Verticale ed orizzontale;Sereno;Normale;Buona;Ore Diurne;1;0;0;1;;;-1;2;Autovettura privata;In marcia / fermata / arresto;Conducente;F;Rimandato;0;NON DECEDUTO;Non accertato;Inesploso
1793600;20;06/03/2009 14:10;Strada Urbana;VIALE CORTINA D'AMPEZZO;in corrispondenza;;del civico n. ;256;;Investimento di pedone;Curva a visuale libera;Una carreggiata a doppio senso;Asciutto;Strada pavimentata dissestata;Verticale ed orizzontale;Sereno;Normale;Buona;Ore Diurne;1;0;0;1;;;-1;;;;Pedone;F;Ricoverato;0;NON DECEDUTO;;
1793600;20;06/03/2009 14:10;Strada Urbana;VIALE CORTINA D'AMPEZZO;in corrispondenza;;del civico n. ;256;;Investimento di pedone;Curva a visuale libera;Una carreggiata a doppio senso;Asciutto;Strada pavimentata dissestata;Verticale ed orizzontale;Sereno;Normale;Buona;Ore Diurne;1;0;0;1;;;-1;1;Autovettura privata;In marcia / fermata / arresto;Conducente;F;Illeso;0;;Utilizzato;Inesploso
1793601;20;06/03/2009 16:40;Strada Urbana;VIA LUIGI BODIO;in corrispondenza;;del civico n. ;72;;Tamponamento;Rettilineo;Una carreggiata a senso unico di marcia;Asciutto;Asfaltata;Verticale;Sereno;Normale;Buona;Ore Diurne;0;0;0;3;;;-1;1;Autovettura privata;In marcia / fermata / arresto;Conducente;M;Illeso;0;;Non accertato;Inesistente
1793601;20;06/03/2009 16:40;Strada Urbana;VIA LUIGI BODIO;in corrispondenza;;del civico n. ;72;;Tamponamento;Rettilineo;Una carreggiata a senso unico di marcia;Asciutto;Asfaltata;Verticale;Sereno;Normale;Buona;Ore Diurne;0;0;0;3;;;-1;1;Autovettura privata;In marcia / fermata / arresto;Passeggero;F;Illeso;0;;Non accertato;Inesistente
1793601;20;06/03/2009 16:40;Strada Urbana;VIA LUIGI BODIO;in corrispondenza;;del civico n. ;72;;Tamponamento;Rettilineo;Una carreggiata a senso unico di marcia;Asciutto;Asfaltata;Verticale;Sereno;Normale;Buona;Ore Diurne;0;0;0;3;;;-1;2;Autovettura privata;In marcia / fermata / arresto;Conducente;F;Illeso;0;;Non accertato;Inesploso
1793602;20;07/03/2009 11:45;Altra strada;VIA CASSIA;in corrispondenza;;del civico n. ;1750;;Veicolo in marcia contro veicolo in sosta;Rettilineo;Una carreggiata a senso unico di marcia;Asciutto;Asfaltata;Assente;Sereno;Scarso;Buona;Ore Diurne;0;0;0;2;;;-1;1;Autovettura privata;In marcia / fermata / arresto;Passeggero;F;Illeso;0;;Non accertato;Inesistente
1793602;20;07/03/2009 11:45;Altra strada;VIA CASSIA;in corrispondenza;;del civico n. ;1750;;Veicolo in marcia contro veicolo in sosta;Rettilineo;Una carreggiata a senso unico di marcia;Asciutto;Asfaltata;Assente;Sereno;Scarso;Buona;Ore Diurne;0;0;0;2;;;-1;1;Autovettura privata;In marcia / fermata / arresto;Conducente;M;Illeso;0;;Non accertato;Inesistente
1793603;20;07/03/2009 12:40;Strada Urbana;VIA FLAMINIA NUOVA;all'intersezione con;VIA TUSCANIA;VIA TUSCANIA;;;Scontro frontale/laterale SX fra veicoli in marcia;Incrocio;Più di due carreggiate;Asciutto;Asfaltata;Assente;Sereno;Scarso;Buona;Ore Diurne;1;0;0;2;;;-1;1;Autovettura privata;In marcia / fermata / arresto;Conducente;F;Illeso;0;;Non accertato;Inesploso
1793603;20;07/03/2009 12:40;Strada Urbana;VIA FLAMINIA NUOVA;all'intersezione con;VIA TUSCANIA;VIA TUSCANIA;;;Scontro frontale/laterale SX fra veicoli in marcia;Incrocio;Più di due carreggiate;Asciutto;Asfaltata;Assente;Sereno;Scarso;Buona;Ore Diurne;1;0;0;2;;;-1;1;Autovettura privata;In marcia / fermata / arresto;Passeggero;M;Illeso;0;;Non accertato;Inesploso
1793603;20;07/03/2009 12:40;Strada Urbana;VIA FLAMINIA NUOVA;all'intersezione con;VIA TUSCANIA;VIA TUSCANIA;;;Scontro frontale/laterale SX fra veicoli in marcia;Incrocio;Più di due carreggiate;Asciutto;Asfaltata;Assente;Sereno;Scarso;Buona;Ore Diurne;1;0;0;2;;;-1;2;Autovettura privata;In marcia / fermata / arresto;Conducente;F;Rifiuta cure immediate;0;NON DECEDUTO;Non accertato;Inesploso
1793604;20;07/03/2009 18:10;Statale entro l'abitato;VIA FLAMINIA;in corrispondenza;;del civico n. ;758;;Veicolo in marcia contro veicoli in sosta;Rettilineo;Una carreggiata a doppio senso;Asciutto;Asfaltata;Assente;Sereno;Normale;Buona;Ore Diurne;0;0;0;1;;;-1;1;Autovettura privata;Sosta;Passeggero;F;Illeso;0;;Non accertato;Inesistente
1793605;20;07/03/2009 21:40;Strada Urbana;LARGO PASQUALE SARACENO;all'intersezione semaforizzata con;VIA CASSIA NUOVA;VIA CASSIA NUOVA;;;Scontro frontale/laterale SX fra veicoli in marcia;Intersezione semaforizzata;Una carreggiata a doppio senso;Asciutto;Asfaltata;Verticale ed orizzontale;Sereno;Normale;Buona;Insufficiente;1;0;0;1;;;-1;1;Autovettura privata;In marcia / fermata / arresto;Conducente;M;Illeso;0;;Non accertato;Inesistente
1793605;20;07/03/2009 21:40;Strada Urbana;LARGO PASQUALE SARACENO;all'intersezione semaforizzata con;VIA CASSIA NUOVA;VIA CASSIA NUOVA;;;Scontro frontale/laterale SX fra veicoli in marcia;Intersezione semaforizzata;Una carreggiata a doppio senso;Asciutto;Asfaltata;Verticale ed orizzontale;Sereno;Normale;Buona;Insufficiente;1;0;0;1;;;-1;2;Autovettura privata;In marcia / fermata / arresto;Conducente;M;Rimandato;0;NON DECEDUTO;Non accertato;Inesistente
1793606;20;07/03/2009 22:00;Statale;VIA CASSIA;in prossimità;;del civico n. ;1170;;Veicolo in marcia contro ostacolo fisso;Rettilineo;Una carreggiata a doppio senso;Asciutto;Asfaltata;Verticale ed orizzontale;Sereno;Normale;Buona;Sufficiente;0;0;0;1;;;-1;1;Autovettura privata;In marcia / fermata / arresto;Conducente;M;Illeso;0;;Non accertato;Inesploso
1793607;20;08/03/2009 16:00;Strada Urbana;VIA DEL FORO ITALICO;da specificare;;;;cavalcavia sopra c.so francia prox via Honduras;Scontro laterale fra veicoli in marcia;Rettilineo;Due carreggiate;Asciutto;Asfaltata;Verticale ed orizzontale;Sereno;Normale;Buona;Ore Diurne;1;0;0;2;;;-1;1;Motociclo a solo;In marcia / fermata / arresto;Conducente;M;Rimandato;0;NON DECEDUTO;Non accertato;Inesistente
1793607;20;08/03/2009 16:00;Strada Urbana;VIA DEL FORO ITALICO;da specificare;;;;cavalcavia sopra c.so francia prox via Honduras;Scontro laterale fra veicoli in marcia;Rettilineo;Due carreggiate;Asciutto;Asfaltata;Verticale ed orizzontale;Sereno;Normale;Buona;Ore Diurne;1;0;0;2;;;-1;2;Autovettura privata;In marcia / fermata / arresto;Conducente;M;Illeso;0;;Non accertato;Inesploso
1793607;20;08/03/2009 16:00;Strada Urbana;VIA DEL FORO ITALICO;da specificare;;;;cavalcavia sopra c.so francia prox via Honduras;Scontro laterale fra veicoli in marcia;Rettilineo;Due carreggiate;Asciutto;Asfaltata;Verticale ed orizzontale;Sereno;Normale;Buona;Ore Diurne;1;0;0;2;;;-1;2;Autovettura privata;In marcia / fermata / arresto;Passeggero;M;Illeso;0;;Non accertato;Inesploso
1793608;20;08/03/2009 17:20;Strada Urbana;CORSO DI FRANCIA;all'intersezione con;VIA HONDURAS;VIA HONDURAS;;;Scontro laterale fra veicoli in marcia;Intersezione stradale segnalata;Due carreggiate;Asciutto;Asfaltata;Orizzontale;Sereno;Normale;Buona;Ore Diurne;1;0;0;1;;;-1;1;Motociclo a solo;In marcia / fermata / arresto;Conducente;M;Rifiuta cure immediate;0;NON DECEDUTO;Non accertato;Inesistente
1793608;20;08/03/2009 17:20;Strada Urbana;CORSO DI FRANCIA;all'intersezione con;VIA HONDURAS;VIA HONDURAS;;;Scontro laterale fra veicoli in marcia;Intersezione stradale segnalata;Due carreggiate;Asciutto;Asfaltata;Orizzontale;Sereno;Normale;Buona;Ore Diurne;1;0;0;1;;;-1;2;Autovettura privata;In marcia / fermata / arresto;Conducente;M;Illeso;0;;Non accertato;Inesploso
1793609;20;09/03/2009 00:30;Strada Urbana;VIA FLAMINIA;in prossimità;;del palo luce n. ;90;;Veicolo in marcia contro ostacolo fisso;Galleria illuminata;Una carreggiata a senso unico di marcia;Asciutto;Asfaltata;Verticale ed orizzontale;Sereno;Scarso;Buona;Sufficiente;0;1;0;0;;;-1;1;Autovettura privata;In marcia / fermata / arresto;Conducente;F;Prognosi riservata;0;NON DECEDUTO;Non accertato;Inesistente
1793610;4;02/03/2009 05:25;Strada Urbana;PIAZZA GIUSEPPE PRIMOLI;all'intersezione semaforizzata con;VIA RENATO FUCINI;VIA RENATO FUCINI;;;Scontro frontale/laterale DX fra veicoli in marcia;Rotatoria;Due carreggiate;Bagnato (pioggia);Asfaltata;Verticale ed orizzontale;Pioggia in atto;Scarso;Buona;Sufficiente;1;0;0;1;;;-1;1;Autovettura privata;In marcia / fermata / arresto;Conducente;F;Illeso;0;;Non accertato;Inesistente
1793610;4;02/03/2009 05:25;Strada Urbana;PIAZZA GIUSEPPE PRIMOLI;all'intersezione semaforizzata con;VIA RENATO FUCINI;VIA RENATO FUCINI;;;Scontro frontale/laterale DX fra veicoli in marcia;Rotatoria;Due carreggiate;Bagnato (pioggia);Asfaltata;Verticale ed orizzontale;Pioggia in atto;Scarso;Buona;Sufficiente;1;0;0;1;;;-1;2;Ciclomotore;In marcia / fermata / arresto;Conducente;M;Rimandato;0;NON DECEDUTO;Non accertato;Inesistente
1793611;4;02/03/2009 06:40;Strada Urbana;VIA GIOVANNI CONTI;in prossimità;;del civico n. ;19;;Tamponamento;Rettilineo;Due carreggiate;Bagnato (pioggia);Asfaltata;Verticale ed orizzontale;Pioggia in atto;Normale;Buona;Ore Diurne;1;0;0;1;;;-1;1;Autovettura privata;In marcia / fermata / arresto;Conducente;F;Rifiuta cure immediate;0;NON DECEDUTO;Non accertato;Inesistente
1793611;4;02/03/2009 06:40;Strada Urbana;VIA GIOVANNI CONTI;in prossimità;;del civico n. ;19;;Tamponamento;Rettilineo;Due carreggiate;Bagnato (pioggia);Asfaltata;Verticale ed orizzontale;Pioggia in atto;Normale;Buona;Ore Diurne;1;0;0;1;;;-1;2;Autovettura privata;In marcia / fermata / arresto;Conducente;M;Illeso;0;;Non accertato;Inesistente
1793612;4;02/03/2009 15:10;Statale entro l'abitato;VIA SALARIA;da specificare;;;;ALTEZZA SVINCOLO VIA PRATI FISCALI;Tamponamento Multiplo;Rettilineo;Due carreggiate;Bagnato (pioggia);Asfaltata;Verticale ed orizzontale;Pioggia in atto;Normale;Sufficiente;Ore Diurne;3;0;0;1;;;-1;1;Autovettura privata;In marcia / fermata / arresto;Conducente;M;Illeso;0;;Non accertato;Inesistente
1793612;4;02/03/2009 15:10;Statale entro l'abitato;VIA SALARIA;da specificare;;;;ALTEZZA SVINCOLO VIA PRATI FISCALI;Tamponamento Multiplo;Rettilineo;Due carreggiate;Bagnato (pioggia);Asfaltata;Verticale ed orizzontale;Pioggia in atto;Normale;Sufficiente;Ore Diurne;3;0;0;1;;;-1;2;Autovettura privata;In marcia / fermata / arresto;Conducente;F;Rimandato;0;NON DECEDUTO;Non accertato;Inesistente
1793612;4;02/03/2009 15:10;Statale entro l'abitato;VIA SALARIA;da specificare;;;;ALTEZZA SVINCOLO VIA PRATI FISCALI;Tamponamento Multiplo;Rettilineo;Due carreggiate;Bagnato (pioggia);Asfaltata;Verticale ed orizzontale;Pioggia in atto;Normale;Sufficiente;Ore Diurne;3;0;0;1;;;-1;3;Autovettura privata;In marcia / fermata / arresto;Conducente;M;Rifiuta cure immediate;0;NON DECEDUTO;Non accertato;Inesistente
1793612;4;02/03/2009 15:10;Statale entro l'abitato;VIA SALARIA;da specificare;;;;ALTEZZA SVINCOLO VIA PRATI FISCALI;Tamponamento Multiplo;Rettilineo;Due carreggiate;Bagnato (pioggia);Asfaltata;Verticale ed orizzontale;Pioggia in atto;Normale;Sufficiente;Ore Diurne;3;0;0;1;;;-1;3;Autovettura privata;In marcia / fermata / arresto;Passeggero;F;Rifiuta cure immediate;0;NON DECEDUTO;Non accertato;Inesistente
1793613;4;02/03/2009 16:20;Statale entro l'abitato;CIRCONVALLAZIONE SALARIA;all'intersezione semaforizzata con;VIA SALARIA;VIA SALARIA;;;Scontro frontale/laterale SX fra veicoli in marcia;Intersezione semaforizzata;Due carreggiate;Bagnato (pioggia);Asfaltata;Verticale ed orizzontale;Pioggia in atto;Normale;Buona;Ore Diurne;2;0;0;1;;;-1;1;Autovettura privata;In marcia / fermata / arresto;Conducente;M;Illeso;0;;Non accertato;Inesistente
1793613;4;02/03/2009 16:20;Statale entro l'abitato;CIRCONVALLAZIONE SALARIA;all'intersezione semaforizzata con;VIA SALARIA;VIA SALARIA;;;Scontro frontale/laterale SX fra veicoli in marcia;Intersezione semaforizzata;Due carreggiate;Bagnato (pioggia);Asfaltata;Verticale ed orizzontale;Pioggia in atto;Normale;Buona;Ore Diurne;2;0;0;1;;;-1;2;Autovettura privata;In marcia / fermata / arresto;Conducente;M;Rimandato;0;NON DECEDUTO;Non accertato;Inesistente
1793613;4;02/03/2009 16:20;Statale entro l'abitato;CIRCONVALLAZIONE SALARIA;all'intersezione semaforizzata con;VIA SALARIA;VIA SALARIA;;;Scontro frontale/laterale SX fra veicoli in marcia;Intersezione semaforizzata;Due carreggiate;Bagnato (pioggia);Asfaltata;Verticale ed orizzontale;Pioggia in atto;Normale;Buona;Ore Diurne;2;0;0;1;;;-1;2;Autovettura privata;In marcia / fermata / arresto;Passeggero;F;Rimandato;0;NON DECEDUTO;Non accertato;Inesistente
1793614;6;07/03/2009 09:40;Strada Urbana;VIA PRENESTINA;in corrispondenza;;del civico n. ;19;;Scontro frontale fra veicoli in marcia;Curva a visuale libera;Più di due carreggiate;Asciutto;Asfaltata;Orizzontale;Sereno;Scarso;Buona;Ore Diurne;0;0;0;2;;;-1;1;Autovettura privata;In marcia / fermata / arresto;Conducente;M;Illeso;0;;Non accertato;Inesistente
1793614;6;07/03/2009 09:40;Strada Urbana;VIA PRENESTINA;in corrispondenza;;del civico n. ;19;;Scontro frontale fra veicoli in marcia;Curva a visuale libera;Più di due carreggiate;Asciutto;Asfaltata;Orizzontale;Sereno;Scarso;Buona;Ore Diurne;0;0;0;2;;;-1;2;Ciclomotore;In marcia / fermata / arresto;Conducente;M;Illeso;0;;Non accertato;Inesistente
1793615;6;07/03/2009 10:40;Strada Urbana;VIA COLLATINA;all'intersezione con;VIA ANDREA COSTA;VIA ANDREA COSTA;;;Scontro frontale/laterale DX fra veicoli in marcia;Incrocio;Una carreggiata a doppio senso;Asciutto;Asfaltata;Assente;Sereno;Normale;Buona;Ore Diurne;0;0;0;2;;;-1;1;Autovettura privata;In marcia / fermata / arresto;Conducente;F;Illeso;0;;Non accertato;Inesistente
1793615;6;07/03/2009 10:40;Strada Urbana;VIA COLLATINA;all'intersezione con;VIA ANDREA COSTA;VIA ANDREA COSTA;;;Scontro frontale/laterale DX fra veicoli in marcia;Incrocio;Una carreggiata a doppio senso;Asciutto;Asfaltata;Assente;Sereno;Normale;Buona;Ore Diurne;0;0;0;2;;;-1;2;Autovettura privata;In marcia / fermata / arresto;Conducente;F;Illeso;0;;Non accertato;Inesistente
1793616;6;07/03/2009 11:30;Strada Urbana;Tangenziale Est;da specificare;;;;Altezza Batteria Nomentana;Tamponamento;Rettilineo;Due carreggiate;Asciutto;Asfaltata;Verticale ed orizzontale;Sereno;Intenso;Buona;Ore Diurne;0;0;0;5;;;-1;1;Autovettura privata;In marcia / fermata / arresto;Conducente;F;Illeso;0;;Non accertato;Inesistente
1793616;6;07/03/2009 11:30;Strada Urbana;Tangenziale Est;da specificare;;;;Altezza Batteria Nomentana;Tamponamento;Rettilineo;Due carreggiate;Asciutto;Asfaltata;Verticale ed orizzontale;Sereno;Intenso;Buona;Ore Diurne;0;0;0;5;;;-1;1;Autovettura privata;In marcia / fermata / arresto;Passeggero;F;Illeso;0;;Non accertato;Inesistente
1793616;6;07/03/2009 11:30;Strada Urbana;Tangenziale Est;da specificare;;;;Altezza Batteria Nomentana;Tamponamento;Rettilineo;Due carreggiate;Asciutto;Asfaltata;Verticale ed orizzontale;Sereno;Intenso;Buona;Ore Diurne;0;0;0;5;;;-1;1;Autovettura privata;In marcia / fermata / arresto;Passeggero;F;Illeso;0;;Non accertato;Inesistente
1793616;6;07/03/2009 11:30;Strada Urbana;Tangenziale Est;da specificare;;;;Altezza Batteria Nomentana;Tamponamento;Rettilineo;Due carreggiate;Asciutto;Asfaltata;Verticale ed orizzontale;Sereno;Intenso;Buona;Ore Diurne;0;0;0;5;;;-1;2;Autovettura privata;In marcia / fermata / arresto;Conducente;M;Illeso;0;;Non accertato;Inesistente
1793616;6;07/03/2009 11:30;Strada Urbana;Tangenziale Est;da specificare;;;;Altezza Batteria Nomentana;Tamponamento;Rettilineo;Due carreggiate;Asciutto;Asfaltata;Verticale ed orizzontale;Sereno;Intenso;Buona;Ore Diurne;0;0;0;5;;;-1;2;Autovettura privata;In marcia / fermata / arresto;Passeggero;M;Illeso;0;;Non accertato;Inesistente
1793617;6;07/03/2009 19:15;Strada Urbana;VIALE DELLA PRIMAVERA;da specificare;;;;ingresso parcheggio del centro commerciale;Scontro frontale/laterale DX fra veicoli in marcia;Rettilineo;Una carreggiata a senso unico di marcia;Asciutto;Asfaltata;Assente;Sereno;Normale;Sufficiente;Sufficiente;1;0;0;1;;;-1;1;Motociclo a solo;In marcia / fermata / arresto;Conducente;M;Rifiuta cure immediate;0;NON DECEDUTO;Utilizzato;Inesistente
1793617;6;07/03/2009 19:15;Strada Urbana;VIALE DELLA PRIMAVERA;da specificare;;;;ingresso parcheggio del centro commerciale;Scontro frontale/laterale DX fra veicoli in marcia;Rettilineo;Una carreggiata a senso unico di marcia;Asciutto;Asfaltata;Assente;Sereno;Normale;Sufficiente;Sufficiente;1;0;0;1;;;-1;2;Autovettura privata;In marcia / fermata / arresto;Conducente;M;Illeso;0;;Non accertato;Inesistente
1793618;6;08/03/2009 00:55;Strada Urbana;VIA PRENESTINA;all'intersezione semaforizzata con;VIALE RONCHI;VIALE RONCHI;;;Scontro frontale/laterale SX fra veicoli in marcia;Intersezione semaforizzata;Due carreggiate;Asciutto;Asfaltata;Verticale ed orizzontale;Sereno;Scarso;Buona;Sufficiente;0;0;0;4;;;-1;1;Autovettura privata;In marcia / fermata / arresto;Passeggero;M;Illeso;0;;Utilizzato;Inesploso
1793618;6;08/03/2009 00:55;Strada Urbana;VIA PRENESTINA;all'intersezione semaforizzata con;VIALE RONCHI;VIALE RONCHI;;;Scontro frontale/laterale SX fra veicoli in marcia;Intersezione semaforizzata;Due carreggiate;Asciutto;Asfaltata;Verticale ed orizzontale;Sereno;Scarso;Buona;Sufficiente;0;0;0;4;;;-1;1;Autovettura privata;In marcia / fermata / arresto;Conducente;M;Illeso;0;;Utilizzato;Inesploso