Protocollo;Gruppo;DataOraIncidente;Localizzazione1;STRADA1;Localizzazione2;STRADA2;Strada02;Chilometrica;DaSpecificare;NaturaIncidente;particolaritastrade;TipoStrada;FondoStradale;Pavimentazione;Segnaletica;CondizioneAtmosferica;Traffico;Visibilita;Illuminazione;NUM_FERITI;NUM_RISERVATA;NUM_MORTI;NUM_ILLESI;Longitudine;Latitudine;Confermato;Progressivo;TipoVeicolo;StatoVeicolo;TipoPersona;Sesso;Tipolesione;Deceduto;DecedutoDopo;CinturaCascoUtilizzato;Airbag
1794623;18;17/03/2009 14:40;Strada Urbana;VIA GREGORIO VII;in corrispondenza;;del civico n. ;476;;Scontro laterale fra veicoli in marcia;Rettilineo;Più di due carreggiate;Asciutto;Asfaltata;Verticale ed orizzontale;Sereno;Normale;Buona;Ore Diurne;0;0;0;3;;;-1;1;Autocarro inferiore 35 q.;In marcia / fermata / arresto;Passeggero;M;Illeso;0;;Non accertato;Inesistente
1794623;18;17/03/2009 14:40;Strada Urbana;VIA GREGORIO VII;in corrispondenza;;del civico n. ;476;;Scontro laterale fra veicoli in marcia;Rettilineo;Più di due carreggiate;Asciutto;Asfaltata;Verticale ed orizzontale;Sereno;Normale;Buona;Ore Diurne;0;0;0;3;;;-1;1;Autocarro inferiore 35 q.;In marcia / fermata / arresto;Conducente;M;Illeso;0;;Non accertato;Inesistente
1794623;18;17/03/2009 14:40;Strada Urbana;VIA GREGORIO VII;in corrispondenza;;del civico n. ;476;;Scontro laterale fra veicoli in marcia;Rettilineo;Più di due carreggiate;Asciutto;Asfaltata;Verticale ed orizzontale;Sereno;Normale;Buona;Ore Diurne;0;0;0;3;;;-1;2;Autovettura privata;In marcia / fermata / arresto;Conducente;M;Illeso;0;;Non accertato;Inesploso
1794624;18;17/03/2009 17:30;Strada Urbana;VIA DI PORTA CAVALLEGGERI;in prossimità;;del civico n. ;45;;Tamponamento;Rettilineo;Una carreggiata a doppio senso;Asciutto;Asfaltata;Verticale ed orizzontale;Sereno;Normale;Buona;Ore Diurne;0;0;0;2;;;-1;1;Autovettura privata;In marcia / fermata / arresto;Conducente;F;Illeso;0;;Non accertato;Inesploso
1794624;18;17/03/2009 17:30;Strada Urbana;VIA DI PORTA CAVALLEGGERI;in prossimità;;del civico n. ;45;;Tamponamento;Rettilineo;Una carreggiata a doppio senso;Asciutto;Asfaltata;Verticale ed orizzontale;Sereno;Normale;Buona;Ore Diurne;0;0;0;2;;;-1;2;Autovettura privata;In marcia / fermata / arresto;Conducente;F;Illeso;0;;Non accertato;Inesploso
1794625;18;18/03/2009 08:20;Strada Urbana;VIA DELLA STAZIONE DI S. PIETRO;in prossimità;;del civico n. ;8;;Veicolo in marcia contro veicolo fermo;Rettilineo;Una carreggiata a senso unico di marcia;Asciutto;Asfaltata;Verticale ed orizzontale;Sereno;Normale;Buona;Ore Diurne;0;0;0;2;;;-1;1;Autovettura privata;In marcia / fermata / arresto;Conducente;F;Illeso;0;;Non accertato;Inesploso
1794625;18;18/03/2009 08:20;Strada Urbana;VIA DELLA STAZIONE DI S. PIETRO;in prossimità;;del civico n. ;8;;Veicolo in marcia contro veicolo fermo;Rettilineo;Una carreggiata a senso unico di marcia;Asciutto;Asfaltata;Verticale ed orizzontale;Sereno;Normale;Buona;Ore Diurne;0;0;0;2;;;-1;2;Autovettura privata;Sosta;Passeggero;F;Illeso;0;;Non accertato;Inesploso
1794626;19;17/03/2009 12:15;Strada Urbana;VIA DI TORREVECCHIA;all'intersezione con;VIA DELLA VALLE DEI FONTANILI;VIA DELLA VALLE DEI FONTANILI;;;Scontro laterale fra veicoli in marcia;Incrocio;Una carreggiata a doppio senso;Asciutto;Asfaltata;Verticale ed orizzontale;Sereno;Normale;Buona;Ore Diurne;0;0;0;3;;;-1;1;Autovettura privata;In marcia / fermata / arresto;Conducente;M;Illeso;0;;Non accertato;Inesistente
1794626;19;17/03/2009 12:15;Strada Urbana;VIA DI TORREVECCHIA;all'intersezione con;VIA DELLA VALLE DEI FONTANILI;VIA DELLA VALLE DEI FONTANILI;;;Scontro laterale fra veicoli in marcia;Incrocio;Una carreggiata a doppio senso;Asciutto;Asfaltata;Verticale ed orizzontale;Sereno;Normale;Buona;Ore Diurne;0;0;0;3;;;-1;1;Autovettura privata;In marcia / fermata / arresto;Passeggero;M;Illeso;0;;Non accertato;Inesistente
1794626;19;17/03/2009 12:15;Strada Urbana;VIA DI TORREVECCHIA;all'intersezione con;VIA DELLA VALLE DEI FONTANILI;VIA DELLA VALLE DEI FONTANILI;;;Scontro laterale fra veicoli in marcia;Incrocio;Una carreggiata a doppio senso;Asciutto;Asfaltata;Verticale ed orizzontale;Sereno;Normale;Buona;Ore Diurne;0;0;0;3;;;-1;2;Motociclo a solo;In marcia / fermata / arresto;Conducente;M;Illeso;0;;Non accertato;Inesistente
1794627;19;17/03/2009 12:15;Strada Urbana;VIA VERGINIA TONELLI;all'intersezione con;VIA NORMA FRATELLI PARENTI;VIA NORMA FRATELLI PARENTI;;;Scontro laterale fra veicoli in marcia;Incrocio;Una carreggiata a doppio senso;Asciutto;Asfaltata;Assente;Sereno;Scarso;Buona;Ore Diurne;0;0;0;2;;;-1;1;Autovettura privata;In marcia / fermata / arresto;Conducente;M;Illeso;0;;Non accertato;Inesistente
1794627;19;17/03/2009 12:15;Strada Urbana;VIA VERGINIA TONELLI;all'intersezione con;VIA NORMA FRATELLI PARENTI;VIA NORMA FRATELLI PARENTI;;;Scontro laterale fra veicoli in marcia;Incrocio;Una carreggiata a doppio senso;Asciutto;Asfaltata;Assente;Sereno;Scarso;Buona;Ore Diurne;0;0;0;2;;;-1;2;Autovettura privata;In marcia / fermata / arresto;Conducente;M;Illeso;0;;Non accertato;Inesistente
1794628;19;17/03/2009 15:55;Strada Urbana;VIA DEL CASALE SANSONI;in corrispondenza;;del civico n. ;74;;Veicoli in marcia contro veicolo fermo;Rettilineo;Una carreggiata a doppio senso;Asciutto;Asfaltata;Assente;Sereno;Normale;Buona;Ore Diurne;0;0;0;3;;;-1;1;Autovettura privata;In marcia / fermata / arresto;Conducente;M;Illeso;0;;Non accertato;Inesistente
1794628;19;17/03/2009 15:55;Strada Urbana;VIA DEL CASALE SANSONI;in corrispondenza;;del civico n. ;74;;Veicoli in marcia contro veicolo fermo;Rettilineo;Una carreggiata a doppio senso;Asciutto;Asfaltata;Assente;Sereno;Normale;Buona;Ore Diurne;0;0;0;3;;;-1;2;Autocarro inferiore 35 q.;In marcia / fermata / arresto;Conducente;M;Illeso;0;;Non accertato;Inesistente
1794628;19;17/03/2009 15:55;Strada Urbana;VIA DEL CASALE SANSONI;in corrispondenza;;del civico n. ;74;;Veicoli in marcia contro veicolo fermo;Rettilineo;Una carreggiata a doppio senso;Asciutto;Asfaltata;Assente;Sereno;Normale;Buona;Ore Diurne;0;0;0;3;;;-1;2;Autocarro inferiore 35 q.;In marcia / fermata / arresto;Passeggero;M;Illeso;0;;Non accertato;Inesistente
1794629;19;17/03/2009 16:50;Strada Urbana;VIA DI TORREVECCHIA;da specificare;;;;prossimità via paleotti;Investimento di pedone;Rettilineo;Una carreggiata a doppio senso;Asciutto;Asfaltata;Verticale ed orizzontale;Sereno;Normale;Buona;Ore Diurne;2;0;0;2;;;-1;;;;Pedone;M;Rimandato;0;NON DECEDUTO;;
1794629;19;17/03/2009 16:50;Strada Urbana;VIA DI TORREVECCHIA;da specificare;;;;prossimità via paleotti;Investimento di pedone;Rettilineo;Una carreggiata a doppio senso;Asciutto;Asfaltata;Verticale ed orizzontale;Sereno;Normale;Buona;Ore Diurne;2;0;0;2;;;-1;;;;Pedone;M;Rimandato;0;NON DECEDUTO;;
1794629;19;17/03/2009 16:50;Strada Urbana;VIA DI TORREVECCHIA;da specificare;;;;prossimità via paleotti;Investimento di pedone;Rettilineo;Una carreggiata a doppio senso;Asciutto;Asfaltata;Verticale ed orizzontale;Sereno;Normale;Buona;Ore Diurne;2;0;0;2;;;-1;1;Ciclomotore;In marcia / fermata / arresto;Conducente;M;Illeso;0;;Non accertato;Inesistente
1794629;19;17/03/2009 16:50;Strada Urbana;VIA DI TORREVECCHIA;da specificare;;;;prossimità via paleotti;Investimento di pedone;Rettilineo;Una carreggiata a doppio senso;Asciutto;Asfaltata;Verticale ed orizzontale;Sereno;Normale;Buona;Ore Diurne;2;0;0;2;;;-1;1;Ciclomotore;In marcia / fermata / arresto;Passeggero;M;Illeso;0;;Non accertato;Inesistente
1794631;19;18/03/2009 10:15;Strada Urbana;VIA DI TORREVECCHIA;all'intersezione con;LARGO MILLESIMO;LARGO MILLESIMO;;;Scontro frontale/laterale DX fra veicoli in marcia;Incrocio;Una carreggiata a doppio senso;Asciutto;Asfaltata;Orizzontale;Sereno;Normale;Buona;Ore Diurne;1;0;0;1;;;-1;1;Autovettura privata;In marcia / fermata / arresto;Conducente;M;Rimandato;0;NON DECEDUTO;Non accertato;Inesistente
1794631;19;18/03/2009 10:15;Strada Urbana;VIA DI TORREVECCHIA;all'intersezione con;LARGO MILLESIMO;LARGO MILLESIMO;;;Scontro frontale/laterale DX fra veicoli in marcia;Incrocio;Una carreggiata a doppio senso;Asciutto;Asfaltata;Orizzontale;Sereno;Normale;Buona;Ore Diurne;1;0;0;1;;;-1;2;Autovettura privata;In marcia / fermata / arresto;Conducente;M;Illeso;0;;Non accertato;Inesistente
1794632;19;18/03/2009 12:35;Strada Urbana;VIA DEL FORTE TRIONFALE;all'intersezione con;VIA PIEVE DI CADORE;VIA PIEVE DI CADORE;;;Scontro frontale fra veicoli in marcia;Incrocio;Una carreggiata a doppio senso;Asciutto;Asfaltata;Orizzontale;Sereno;Normale;Buona;Ore Diurne;1;0;0;1;;;-1;1;Autovettura privata;In marcia / fermata / arresto;Conducente;F;Illeso;0;;Non accertato;Inesistente
1794632;19;18/03/2009 12:35;Strada Urbana;VIA DEL FORTE TRIONFALE;all'intersezione con;VIA PIEVE DI CADORE;VIA PIEVE DI CADORE;;;Scontro frontale fra veicoli in marcia;Incrocio;Una carreggiata a doppio senso;Asciutto;Asfaltata;Orizzontale;Sereno;Normale;Buona;Ore Diurne;1;0;0;1;;;-1;2;Motociclo a solo;In marcia / fermata / arresto;Conducente;F;Rimandato;0;NON DECEDUTO;Non accertato;Inesistente
1794633;2;14/03/2009 11:20;Strada Urbana;VIA SALARIA;all'intersezione semaforizzata con;VIALE SOMALIA;VIALE SOMALIA;;;Scontro laterale fra veicoli in marcia;Incrocio;Due carreggiate;Asciutto;Asfaltata;Verticale ed orizzontale;Sereno;Normale;Buona;Ore Diurne;0;0;0;2;;;-1;1;Autovettura privata;In marcia / fermata / arresto;Conducente;M;Illeso;0;;Non accertato;Inesistente
1794633;2;14/03/2009 11:20;Strada Urbana;VIA SALARIA;all'intersezione semaforizzata con;VIALE SOMALIA;VIALE SOMALIA;;;Scontro laterale fra veicoli in marcia;Incrocio;Due carreggiate;Asciutto;Asfaltata;Verticale ed orizzontale;Sereno;Normale;Buona;Ore Diurne;0;0;0;2;;;-1;2;Autovettura privata;In marcia / fermata / arresto;Conducente;M;Illeso;0;;Non accertato;Inesistente
1794634;2;16/03/2009 10:00;Strada Urbana;VIALE DEL VIGNOLA;da specificare;;;;PROSSIMITA' INTERSEZIONE VIA DONATELLO;Veicolo in marcia contro ostacolo accidentale;Rettilineo;Due carreggiate;Asciutto;Con buche;Verticale ed orizzontale;Nuvoloso;Normale;Buona;Ore Diurne;1;0;0;0;;;-1;1;Motociclo a solo;In marcia / fermata / arresto;Conducente;F;Rimandato;0;NON DECEDUTO;Non accertato;Inesistente
1794635;2;16/03/2009 10:20;Strada Urbana;VIA LUCRINO;in prossimità;;del civico n. ;28;;Veicoli in marcia contro veicolo fermo;Rettilineo;Una carreggiata a senso unico di marcia;Asciutto;Asfaltata;Verticale ed orizzontale;Sereno;Scarso;Buona;Ore Diurne;0;0;0;2;;;-1;1;Motociclo a solo;In marcia / fermata / arresto;Conducente;M;Illeso;0;;Non accertato;Inesistente
1794635;2;16/03/2009 10:20;Strada Urbana;VIA LUCRINO;in prossimità;;del civico n. ;28;;Veicoli in marcia contro veicolo fermo;Rettilineo;Una carreggiata a senso unico di marcia;Asciutto;Asfaltata;Verticale ed orizzontale;Sereno;Scarso;Buona;Ore Diurne;0;0;0;2;;;-1;2;Autovettura privata;In marcia / fermata / arresto;Conducente;M;Illeso;0;;Non accertato;Inesistente
1794636;2;16/03/2009 14:20;Strada Urbana;VIA FLAMINIA;all'intersezione con;VIA PIETRO DA CORTONA;VIA PIETRO DA CORTONA;;;Tamponamento;Intersezione non regolata/non segnalata;Due carreggiate;Asciutto;Asfaltata;Assente;Sereno;Normale;Buona;Ore Diurne;1;0;0;1;;;-1;1;Autovettura privata;In marcia / fermata / arresto;Conducente;M;Illeso;0;;Non accertato;Inesistente
1794636;2;16/03/2009 14:20;Strada Urbana;VIA FLAMINIA;all'intersezione con;VIA PIETRO DA CORTONA;VIA PIETRO DA CORTONA;;;Tamponamento;Intersezione non regolata/non segnalata;Due carreggiate;Asciutto;Asfaltata;Assente;Sereno;Normale;Buona;Ore Diurne;1;0;0;1;;;-1;2;Autovettura privata;In marcia / fermata / arresto;Conducente;M;Rimandato;0;NON DECEDUTO;Non accertato;Inesistente
1794638;2;16/03/2009 16:30;Strada Urbana;VIA GIUSEPPE LUIGI LAGRANGE;in prossimità;;del civico n. ;9;;Scontro frontale fra veicoli in marcia;Rettilineo;Una carreggiata a senso unico di marcia;Asciutto;Asfaltata;Orizzontale;Sereno;Scarso;Buona;Ore Diurne;0;0;0;2;;;-1;1;Autovettura privata;In marcia / fermata / arresto;Conducente;F;Illeso;0;;Non accertato;Inesistente
1794638;2;16/03/2009 16:30;Strada Urbana;VIA GIUSEPPE LUIGI LAGRANGE;in prossimità;;del civico n. ;9;;Scontro frontale fra veicoli in marcia;Rettilineo;Una carreggiata a senso unico di marcia;Asciutto;Asfaltata;Orizzontale;Sereno;Scarso;Buona;Ore Diurne;0;0;0;2;;;-1;2;Ciclomotore;In marcia / fermata / arresto;Conducente;M;Illeso;0;;Non accertato;Inesistente
1794639;2;17/03/2009 16:10;Strada Urbana;VIA MONTE DELLE GIOIE;all'intersezione con;VIA DI TOR FIORENZA;VIA DI TOR FIORENZA;;;Scontro frontale/laterale DX fra veicoli in marcia;Incrocio;Una carreggiata a senso unico di marcia;Asciutto;Asfaltata;Verticale;Sereno;Normale;Buona;Ore Diurne;1;0;0;1;;;-1;1;Autovettura pubblica;In marcia / fermata / arresto;Conducente;M;Illeso;0;;Non accertato;Inesploso
1794639;2;17/03/2009 16:10;Strada Urbana;VIA MONTE DELLE GIOIE;all'intersezione con;VIA DI TOR FIORENZA;VIA DI TOR FIORENZA;;;Scontro frontale/laterale DX fra veicoli in marcia;Incrocio;Una carreggiata a senso unico di marcia;Asciutto;Asfaltata;Verticale;Sereno;Normale;Buona;Ore Diurne;1;0;0;1;;;-1;2;Autovettura privata;In marcia / fermata / arresto;Conducente;F;Rifiuta cure immediate;0;NON DECEDUTO;Non accertato;Inesploso
1794640;20;17/03/2009 08:40;Statale entro l'abitato;VIA CASSIA;in corrispondenza;;del civico n. ;1694;;Scontro frontale/laterale DX fra veicoli in marcia;Rettilineo;Una carreggiata a doppio senso;Asciutto;Asfaltata;Verticale ed orizzontale;Sereno;Normale;Buona;Ore Diurne;0;0;0;4;;;-1;1;Autovettura privata;In marcia / fermata / arresto;Conducente;F;Illeso;0;;Non accertato;Inesploso
1794640;20;17/03/2009 08:40;Statale entro l'abitato;VIA CASSIA;in corrispondenza;;del civico n. ;1694;;Scontro frontale/laterale DX fra veicoli in marcia;Rettilineo;Una carreggiata a doppio senso;Asciutto;Asfaltata;Verticale ed orizzontale;Sereno;Normale;Buona;Ore Diurne;0;0;0;4;;;-1;1;Autovettura privata;In marcia / fermata / arresto;Passeggero;M;Illeso;0;;Non accertato;Inesistente
1794640;20;17/03/2009 08:40;Statale entro l'abitato;VIA CASSIA;in corrispondenza;;del civico n. ;1694;;Scontro frontale/laterale DX fra veicoli in marcia;Rettilineo;Una carreggiata a doppio senso;Asciutto;Asfaltata;Verticale ed orizzontale;Sereno;Normale;Buona;Ore Diurne;0;0;0;4;;;-1;2;Autovettura privata;In marcia / fermata / arresto;Conducente;M;Illeso;0;;Non accertato;Inesploso
1794640;20;17/03/2009 08:40;Statale entro l'abitato;VIA CASSIA;in corrispondenza;;del civico n. ;1694;;Scontro frontale/laterale DX fra veicoli in marcia;Rettilineo;Una carreggiata a doppio senso;Asciutto;Asfaltata;Verticale ed orizzontale;Sereno;Normale;Buona;Ore Diurne;0;0;0;4;;;-1;2;Autovettura privata;In marcia / fermata / arresto;Passeggero;F;Illeso;0;;Non accertato;Inesploso
1794641;20;17/03/2009 11:10;Statale;VIA FLAMINIA;da specificare;;;;interno sottovia cimitero flaminio;Tamponamento Multiplo;Galleria illuminata;Una carreggiata a senso unico di marcia;Asciutto;Asfaltata;Orizzontale;Sereno;Normale;Sufficiente;Ore Diurne;3;0;0;0;;;-1;1;Autovettura privata;In marcia / fermata / arresto;Conducente;F;Rifiuta cure immediate;0;NON DECEDUTO;Non accertato;Esploso
1794641;20;17/03/2009 11:10;Statale;VIA FLAMINIA;da specificare;;;;interno sottovia cimitero flaminio;Tamponamento Multiplo;Galleria illuminata;Una carreggiata a senso unico di marcia;Asciutto;Asfaltata;Orizzontale;Sereno;Normale;Sufficiente;Ore Diurne;3;0;0;0;;;-1;2;Autovettura privata;In marcia / fermata / arresto;Conducente;M;Rifiuta cure immediate;0;NON DECEDUTO;Non accertato;Inesploso
1794641;20;17/03/2009 11:10;Statale;VIA FLAMINIA;da specificare;;;;interno sottovia cimitero flaminio;Tamponamento Multiplo;Galleria illuminata;Una carreggiata a senso unico di marcia;Asciutto;Asfaltata;Orizzontale;Sereno;Normale;Sufficiente;Ore Diurne;3;0;0;0;;;-1;3;Autovettura privata;In marcia / fermata / arresto;Conducente;F;Rimandato;0;NON DECEDUTO;Non accertato;Inesistente
1794642;20;17/03/2009 14:45;Strada Urbana;PIAZZALE DELLA FARNESINA;all'intersezione semaforizzata con;VIALE ANTONINO DI SAN GIULIANO;VIALE ANTONINO DI SAN GIULIANO;;;Scontro laterale fra veicoli in marcia;Intersezione semaforizzata;Due carreggiate;Asciutto;Asfaltata;Orizzontale;Sereno;Normale;Buona;Ore Diurne;1;0;0;1;;;-1;1;Motociclo a solo;In marcia / fermata / arresto;Conducente;M;Rifiuta cure immediate;0;NON DECEDUTO;Non accertato;Inesistente
1794642;20;17/03/2009 14:45;Strada Urbana;PIAZZALE DELLA FARNESINA;all'intersezione semaforizzata con;VIALE ANTONINO DI SAN GIULIANO;VIALE ANTONINO DI SAN GIULIANO;;;Scontro laterale fra veicoli in marcia;Intersezione semaforizzata;Due carreggiate;Asciutto;Asfaltata;Orizzontale;Sereno;Normale;Buona;Ore Diurne;1;0;0;1;;;-1;2;Autovettura privata;In marcia / fermata / arresto;Conducente;M;Illeso;0;;Non accertato;Inesistente
1794643;20;17/03/2009 19:30;Strada Urbana;VIA MANFREDI AZZARITA;in prossimità;;del civico n. ;193;;Scontro frontale/laterale DX fra veicoli in marcia;Rettilineo;Una carreggiata a doppio senso;Asciutto;Asfaltata;Assente;Sereno;Scarso;Sufficiente;Sufficiente;1;0;0;2;;;-1;1;Autovettura privata;In marcia / fermata / arresto;Conducente;F;Illeso;0;;Non accertato;Inesploso
1794643;20;17/03/2009 19:30;Strada Urbana;VIA MANFREDI AZZARITA;in prossimità;;del civico n. ;193;;Scontro frontale/laterale DX fra veicoli in marcia;Rettilineo;Una carreggiata a doppio senso;Asciutto;Asfaltata;Assente;Sereno;Scarso;Sufficiente;Sufficiente;1;0;0;2;;;-1;2;Motociclo con passeggero;In marcia / fermata / arresto;Conducente;M;Rimandato;0;NON DECEDUTO;Non accertato;Inesistente
1794643;20;17/03/2009 19:30;Strada Urbana;VIA MANFREDI AZZARITA;in prossimità;;del civico n. ;193;;Scontro frontale/laterale DX fra veicoli in marcia;Rettilineo;Una carreggiata a doppio senso;Asciutto;Asfaltata;Assente;Sereno;Scarso;Sufficiente;Sufficiente;1;0;0;2;;;-1;2;Motociclo con passeggero;In marcia / fermata / arresto;Passeggero;F;Illeso;0;;Non accertato;Inesistente
1794644;3;12/03/2009 21:15;Strada Urbana;VIALE REGINA MARGHERITA;all'intersezione semaforizzata con;VIA NOMENTANA;VIA NOMENTANA;;;Veicolo in marcia contro ostacolo fisso;Incrocio;Più di due carreggiate;Asciutto;Asfaltata;Verticale ed orizzontale;Sereno;Scarso;Buona;Sufficiente;0;0;0;1;;;-1;1;Autovettura privata;In marcia / fermata / arresto;Conducente;M;Illeso;0;;Non accertato;Inesistente
1794645;3;16/03/2009 20:30;Strada Urbana;VIA DEL CASTRO LAURENZIANO;all'intersezione con;VIA ANTONIO SCARPA;VIA ANTONIO SCARPA;;;Scontro laterale fra veicoli in marcia;Incrocio;Una carreggiata a senso unico di marcia;Asciutto;Asfaltata;Verticale ed orizzontale;Sereno;Scarso;Buona;Ore Diurne;1;0;0;2;;;-1;1;Autovettura privata;In marcia / fermata / arresto;Conducente;M;Illeso;0;;Utilizzato;Inesistente
1794645;3;16/03/2009 20:30;Strada Urbana;VIA DEL CASTRO LAURENZIANO;all'intersezione con;VIA ANTONIO SCARPA;VIA ANTONIO SCARPA;;;Scontro laterale fra veicoli in marcia;Incrocio;Una carreggiata a senso unico di marcia;Asciutto;Asfaltata;Verticale ed orizzontale;Sereno;Scarso;Buona;Ore Diurne;1;0;0;2;;;-1;1;Autovettura privata;In marcia / fermata / arresto;Passeggero;M;Illeso;0;;Utilizzato;Inesistente
1794645;3;16/03/2009 20:30;Strada Urbana;VIA DEL CASTRO LAURENZIANO;all'intersezione con;VIA ANTONIO SCARPA;VIA ANTONIO SCARPA;;;Scontro laterale fra veicoli in marcia;Incrocio;Una carreggiata a senso unico di marcia;Asciutto;Asfaltata;Verticale ed orizzontale;Sereno;Scarso;Buona;Ore Diurne;1;0;0;2;;;-1;2;Motociclo a solo;In marcia / fermata / arresto;Conducente;M;Rimandato;0;NON DECEDUTO;Utilizzato;Inesistente
1794646;3;16/03/2009 21:20;Strada Urbana;VIA LORENZO IL MAGNIFICO;all'intersezione con;VIA TEODORICO;VIA TEODORICO;;;Scontro frontale/laterale DX fra veicoli in marcia;Intersezione stradale segnalata;Una carreggiata a doppio senso;Asciutto;Asfaltata;Verticale ed orizzontale;Sereno;Normale;Buona;Ore Diurne;2;0;0;1;;;-1;1;Autovettura privata;In marcia / fermata / arresto;Conducente;F;Illeso;0;;Utilizzato;Inesistente
1794646;3;16/03/2009 21:20;Strada Urbana;VIA LORENZO IL MAGNIFICO;all'intersezione con;VIA TEODORICO;VIA TEODORICO;;;Scontro frontale/laterale DX fra veicoli in marcia;Intersezione stradale segnalata;Una carreggiata a doppio senso;Asciutto;Asfaltata;Verticale ed orizzontale;Sereno;Normale;Buona;Ore Diurne;2;0;0;1;;;-1;2;Autovettura privata;In marcia / fermata / arresto;Conducente;F;Ricoverato;0;NON DECEDUTO;Utilizzato;Inesistente
1794646;3;16/03/2009 21:20;Strada Urbana;VIA LORENZO IL MAGNIFICO;all'intersezione con;VIA TEODORICO;VIA TEODORICO;;;Scontro frontale/laterale DX fra veicoli in marcia;Intersezione stradale segnalata;Una carreggiata a doppio senso;Asciutto;Asfaltata;Verticale ed orizzontale;Sereno;Normale;Buona;Ore Diurne;2;0;0;1;;;-1;2;Autovettura privata;In marcia / fermata / arresto;Passeggero;M;Rimandato;0;NON DECEDUTO;Utilizzato;Inesistente
1794647;4;08/03/2009 15:30;Statale;VIA SALARIA;da specificare;;;;fronte sambuca pistoiese;Veicolo in marcia contro ostacolo accidentale;Rettilineo;Una carreggiata a senso unico di marcia;Asciutto;Asfaltata;Verticale ed orizzontale;Sereno;Normale;Buona;Ore Diurne;0;0;0;2;;;-1;1;Autovettura privata;In marcia / fermata / arresto;Conducente;M;Illeso;0;;Non accertato;Inesistente
1794647;4;08/03/2009 15:30;Statale;VIA SALARIA;da specificare;;;;fronte sambuca pistoiese;Veicolo in marcia contro ostacolo accidentale;Rettilineo;Una carreggiata a senso unico di marcia;Asciutto;Asfaltata;Verticale ed orizzontale;Sereno;Normale;Buona;Ore Diurne;0;0;0;2;;;-1;1;Autovettura privata;In marcia / fermata / arresto;Passeggero;F;Illeso;0;;Non accertato;Inesistente
1794648;4;09/03/2009 08:05;Strada Urbana;VIA ALTAGNANA;da specificare;;;;prossimità Via S. Gennaro;Scontro frontale fra veicoli in marcia;Curva senza visuale libera;Una carreggiata a doppio senso;Asciutto;Asfaltata;Orizzontale;Sereno;Normale;Buona;Ore Diurne;2;0;0;0;;;-1;1;Autovettura privata;In marcia / fermata / arresto;Conducente;F;Rimandato;0;NON DECEDUTO;Non accertato;Inesistente
1794648;4;09/03/2009 08:05;Strada Urbana;VIA ALTAGNANA;da specificare;;;;prossimità Via S. Gennaro;Scontro frontale fra veicoli in marcia;Curva senza visuale libera;Una carreggiata a doppio senso;Asciutto;Asfaltata;Orizzontale;Sereno;Normale;Buona;Ore Diurne;2;0;0;0;;;-1;2;Autovettura privata;In marcia / fermata / arresto;Conducente;F;Rimandato;0;NON DECEDUTO;Non accertato;Esploso
1794649;4;09/03/2009 18:15;Strada Urbana;VIA CONCA D'ORO;in prossimità;;del civico n. ;212;;Veicoli in marcia contro veicolo fermo;Rettilineo;Una carreggiata a doppio senso;Asciutto;Asfaltata;Verticale ed orizzontale;Sereno;Scarso;Buona;Ore Diurne;0;0;0;1;;;-1;1;Autovettura privata;In marcia / fermata / arresto;Conducente;F;Illeso;0;;Non accertato;Inesistente
1794651;5;01/03/2009 04:30;Strada Urbana;VIA TANCREDI CARTELLA;all'intersezione con;VIA UGO PESCI;VIA UGO PESCI;;;Scontro frontale/laterale SX fra veicoli in marcia;Incrocio;Una carreggiata a doppio senso;Asciutto;Asfaltata;Verticale ed orizzontale;Sereno;Normale;Buona;Sufficiente;1;0;0;1;;;-1;1;Autovettura privata;In marcia / fermata / arresto;Conducente;F;Illeso;0;;Non accertato;Inesistente
1794651;5;01/03/2009 04:30;Strada Urbana;VIA TANCREDI CARTELLA;all'intersezione con;VIA UGO PESCI;VIA UGO PESCI;;;Scontro frontale/laterale SX fra veicoli in marcia;Incrocio;Una carreggiata a doppio senso;Asciutto;Asfaltata;Verticale ed orizzontale;Sereno;Normale;Buona;Sufficiente;1;0;0;1;;;-1;2;Motociclo a solo;In marcia / fermata / arresto;Conducente;M;Rimandato;0;NON DECEDUTO;Non accertato;Inesistente
1794652;5;10/03/2009 12:00;Strada Urbana;LARGO ANTONIO BELTRAMELLI;da specificare;;;;civico 7;Scontro laterale fra veicoli in marcia;Rettilineo;Una carreggiata a senso unico di marcia;Asciutto;Asfaltata;Verticale ed orizzontale;Sereno;Normale;Buona;Ore Diurne;0;0;0;2;;;-1;1;Autovettura privata;In marcia / fermata / arresto;Conducente;M;Illeso;0;;Non accertato;Inesistente
1794652;5;10/03/2009 12:00;Strada Urbana;LARGO ANTONIO BELTRAMELLI;da specificare;;;;civico 7;Scontro laterale fra veicoli in marcia;Rettilineo;Una carreggiata a senso unico di marcia;Asciutto;Asfaltata;Verticale ed orizzontale;Sereno;Normale;Buona;Ore Diurne;0;0;0;2;;;-1;2;Autovettura di soccorso;Allontanatosi;Passeggero;F;Illeso;0;;Non accertato;Inesistente