Protocollo;Gruppo;DataOraIncidente;Localizzazione1;STRADA1;Localizzazione2;STRADA2;Strada02;Chilometrica;DaSpecificare;NaturaIncidente;particolaritastrade;TipoStrada;FondoStradale;Pavimentazione;Segnaletica;CondizioneAtmosferica;Traffico;Visibilita;Illuminazione;NUM_FERITI;NUM_RISERVATA;NUM_MORTI;NUM_ILLESI;Longitudine;Latitudine;Confermato;Progressivo;TipoVeicolo;StatoVeicolo;TipoPersona;Sesso;Tipolesione;Deceduto;DecedutoDopo;CinturaCascoUtilizzato;Airbag
1794928;11;02/03/2009 20:00;Strada Urbana;CIRCONVALLAZIONE OSTIENSE;all'intersezione con;VIA NICOLO' DA PISTOIA;VIA NICOLO' DA PISTOIA;;;Infortunio per caduta del veicolo;Intersezione non regolata/non segnalata;Due carreggiate;Bagnato (pioggia);Asfaltata;Verticale;Sereno;Normale;Buona;Sufficiente;1;0;0;1;;;-1;1;Motociclo a solo;In marcia / fermata / arresto;Conducente;M;Rimandato;0;NON DECEDUTO;Non accertato;Inesistente
1794928;11;02/03/2009 20:00;Strada Urbana;CIRCONVALLAZIONE OSTIENSE;all'intersezione con;VIA NICOLO' DA PISTOIA;VIA NICOLO' DA PISTOIA;;;Infortunio per caduta del veicolo;Intersezione non regolata/non segnalata;Due carreggiate;Bagnato (pioggia);Asfaltata;Verticale;Sereno;Normale;Buona;Sufficiente;1;0;0;1;;;-1;2;Autovettura privata;In marcia / fermata / arresto;Conducente;F;Illeso;0;;Non accertato;Inesploso
1794929;11;03/03/2009 07:30;Strada Urbana;VIA DI VIGNA MURATA;da specificare;;;;altezza fronte civico 60;Veicolo in marcia contro veicolo in sosta;Rettilineo;Una carreggiata a doppio senso;Bagnato (pioggia);Asfaltata;Orizzontale;Pioggia in atto;Normale;Buona;Ore Diurne;1;0;0;1;;;-1;2;Quadriciclo leggero;In marcia / fermata / arresto;Conducente;M;Rifiuta cure immediate;0;NON DECEDUTO;Non accertato;Inesploso
1794929;11;03/03/2009 07:30;Strada Urbana;VIA DI VIGNA MURATA;da specificare;;;;altezza fronte civico 60;Veicolo in marcia contro veicolo in sosta;Rettilineo;Una carreggiata a doppio senso;Bagnato (pioggia);Asfaltata;Orizzontale;Pioggia in atto;Normale;Buona;Ore Diurne;1;0;0;1;;;-1;3;Autovettura privata;In marcia / fermata / arresto;Conducente;M;Illeso;0;;Non accertato;Inesploso
1794930;11;03/03/2009 09:30;Strada Urbana;CIRCONVALLAZIONE OSTIENSE;da specificare;;;;sottovia che porta a Via C. Colombo;Veicolo in marcia contro ostacolo accidentale;Sottopasso illuminato;Una carreggiata a senso unico di marcia;Bagnato (umidità in atto);Asfaltata;Verticale ed orizzontale;Nuvoloso;Normale;Insufficiente;Ore Diurne;0;0;0;1;;;-1;1;Autovettura privata;In marcia / fermata / arresto;Conducente;M;Illeso;0;;Non accertato;Inesploso
1794931;11;03/03/2009 09:30;Strada Urbana;CIRCONVALLAZIONE OSTIENSE;da specificare;;;;sottovia;Veicolo in marcia contro ostacolo accidentale;Curva a visuale libera;Una carreggiata a senso unico di marcia;Bagnato (pioggia);Asfaltata;Orizzontale;Pioggia in atto;Scarso;Insufficiente;Ore Diurne;0;0;0;1;;;-1;1;Autovettura privata;In marcia / fermata / arresto;Conducente;F;Illeso;0;;Non accertato;Inesploso
1794932;11;03/03/2009 11:00;Strada Urbana;PIAZZA DAMIANO SAULI;da specificare;;;;in prossimità di Via Magnaghi;Scontro laterale fra veicoli in marcia;Rettilineo;Una carreggiata a senso unico di marcia;Asciutto;Acciotolata;Verticale ed orizzontale;Sereno;Scarso;Buona;Ore Diurne;0;0;0;2;;;-1;1;Autovettura privata;In marcia / fermata / arresto;Conducente;F;Illeso;0;;Non accertato;Inesploso
1794932;11;03/03/2009 11:00;Strada Urbana;PIAZZA DAMIANO SAULI;da specificare;;;;in prossimità di Via Magnaghi;Scontro laterale fra veicoli in marcia;Rettilineo;Una carreggiata a senso unico di marcia;Asciutto;Acciotolata;Verticale ed orizzontale;Sereno;Scarso;Buona;Ore Diurne;0;0;0;2;;;-1;2;Autovettura privata;In marcia / fermata / arresto;Conducente;M;Illeso;0;;Non accertato;Inesploso
1794933;11;03/03/2009 11:30;Strada Urbana;VIA ATTILIO AMBROSINI;all'intersezione semaforizzata con;VIA DI GROTTA PERFETTA;VIA DI GROTTA PERFETTA;;;Scontro laterale fra veicoli in marcia;Intersezione semaforizzata;Due carreggiate;Bagnato (umidità in atto);Asfaltata;Verticale ed orizzontale;Sereno;Normale;Buona;Ore Diurne;0;0;0;2;;;-1;1;Autocarro inferiore 35 q.;In marcia / fermata / arresto;Conducente;M;Illeso;0;;Non accertato;Inesploso
1794933;11;03/03/2009 11:30;Strada Urbana;VIA ATTILIO AMBROSINI;all'intersezione semaforizzata con;VIA DI GROTTA PERFETTA;VIA DI GROTTA PERFETTA;;;Scontro laterale fra veicoli in marcia;Intersezione semaforizzata;Due carreggiate;Bagnato (umidità in atto);Asfaltata;Verticale ed orizzontale;Sereno;Normale;Buona;Ore Diurne;0;0;0;2;;;-1;2;Autovettura privata;In marcia / fermata / arresto;Conducente;F;Illeso;0;;Non accertato;Inesploso
1794934;11;04/03/2009 00:05;Strada Urbana;VIA OSTIENSE;all'intersezione semaforizzata con;VIALE GIUSTINIANO IMPERATORE;VIALE GIUSTINIANO IMPERATORE;;;Scontro laterale fra veicoli in marcia;Intersezione semaforizzata;Una carreggiata a senso unico di marcia;Asciutto;Asfaltata;Verticale ed orizzontale;Sereno;Scarso;Buona;Sufficiente;0;0;0;3;;;-1;1;Autovettura privata;In marcia / fermata / arresto;Conducente;M;Illeso;0;;Utilizzato;Inesploso
1794934;11;04/03/2009 00:05;Strada Urbana;VIA OSTIENSE;all'intersezione semaforizzata con;VIALE GIUSTINIANO IMPERATORE;VIALE GIUSTINIANO IMPERATORE;;;Scontro laterale fra veicoli in marcia;Intersezione semaforizzata;Una carreggiata a senso unico di marcia;Asciutto;Asfaltata;Verticale ed orizzontale;Sereno;Scarso;Buona;Sufficiente;0;0;0;3;;;-1;2;Autovettura privata;In marcia / fermata / arresto;Conducente;M;Illeso;0;;Utilizzato;Inesploso
1794934;11;04/03/2009 00:05;Strada Urbana;VIA OSTIENSE;all'intersezione semaforizzata con;VIALE GIUSTINIANO IMPERATORE;VIALE GIUSTINIANO IMPERATORE;;;Scontro laterale fra veicoli in marcia;Intersezione semaforizzata;Una carreggiata a senso unico di marcia;Asciutto;Asfaltata;Verticale ed orizzontale;Sereno;Scarso;Buona;Sufficiente;0;0;0;3;;;-1;2;Autovettura privata;In marcia / fermata / arresto;Passeggero;M;Illeso;0;;Utilizzato;Inesploso
1794935;11;04/03/2009 07:10;Strada Urbana;VIA LAURENTINA;all'intersezione con;VIALE DELLA MUSICA;VIALE DELLA MUSICA;;;Tamponamento;Incrocio;Due carreggiate;Bagnato (pioggia);Asfaltata;Verticale ed orizzontale;Pioggia in atto;Normale;Buona;Ore Diurne;1;0;0;1;;;-1;1;Autovettura privata;In marcia / fermata / arresto;Conducente;M;Illeso;0;;Non accertato;Inesploso
1794935;11;04/03/2009 07:10;Strada Urbana;VIA LAURENTINA;all'intersezione con;VIALE DELLA MUSICA;VIALE DELLA MUSICA;;;Tamponamento;Incrocio;Due carreggiate;Bagnato (pioggia);Asfaltata;Verticale ed orizzontale;Pioggia in atto;Normale;Buona;Ore Diurne;1;0;0;1;;;-1;2;Motociclo a solo;In marcia / fermata / arresto;Conducente;M;Rimandato;0;NON DECEDUTO;Non accertato;Inesploso
1794936;11;04/03/2009 13:25;Strada Urbana;VIALE GUGLIELMO MARCONI;all'intersezione con;VIA DEI CADUTI SENZA CROCE;VIA DEI CADUTI SENZA CROCE;;;Scontro laterale fra veicoli in marcia;Intersezione stradale segnalata;Due carreggiate;Asciutto;Asfaltata;Verticale ed orizzontale;Nuvoloso;Normale;Buona;Ore Diurne;0;0;0;3;;;-1;1;Autovettura privata;In marcia / fermata / arresto;Conducente;M;Illeso;0;;Non utilizzato;Inesploso
1794936;11;04/03/2009 13:25;Strada Urbana;VIALE GUGLIELMO MARCONI;all'intersezione con;VIA DEI CADUTI SENZA CROCE;VIA DEI CADUTI SENZA CROCE;;;Scontro laterale fra veicoli in marcia;Intersezione stradale segnalata;Due carreggiate;Asciutto;Asfaltata;Verticale ed orizzontale;Nuvoloso;Normale;Buona;Ore Diurne;0;0;0;3;;;-1;2;Autovettura privata;In marcia / fermata / arresto;Conducente;M;Illeso;0;;Non accertato;Inesploso
1794936;11;04/03/2009 13:25;Strada Urbana;VIALE GUGLIELMO MARCONI;all'intersezione con;VIA DEI CADUTI SENZA CROCE;VIA DEI CADUTI SENZA CROCE;;;Scontro laterale fra veicoli in marcia;Intersezione stradale segnalata;Due carreggiate;Asciutto;Asfaltata;Verticale ed orizzontale;Nuvoloso;Normale;Buona;Ore Diurne;0;0;0;3;;;-1;2;Autovettura privata;In marcia / fermata / arresto;Passeggero;F;Illeso;0;;Non accertato;Inesploso
1794937;11;04/03/2009 20:15;Strada Urbana;VIA CRISTOFORO COLOMBO;da specificare;;;;alt. Via G. Imperatore carregg. centr. dir. EUR;Veicolo in marcia contro ostacolo fisso;Rettilineo;Più di due carreggiate;Asciutto;Asfaltata;Verticale ed orizzontale;Nuvoloso;Normale;Sufficiente;Sufficiente;0;0;0;1;;;-1;1;Autovettura privata;In marcia / fermata / arresto;Conducente;F;Illeso;0;;Non accertato;Esploso
1794938;11;08/03/2009 11:40;Strada Urbana;VIA DEL SERAFICO;all'intersezione semaforizzata con;VIA SIMONE MARTINI;VIA SIMONE MARTINI;;;Scontro frontale/laterale SX fra veicoli in marcia;Intersezione semaforizzata;Due carreggiate;Asciutto;Asfaltata;Verticale ed orizzontale;Sereno;Normale;Buona;Ore Diurne;1;0;0;1;;;-1;1;Autovettura privata;In marcia / fermata / arresto;Conducente;F;Rimandato;0;NON DECEDUTO;Non accertato;Inesploso
1794938;11;08/03/2009 11:40;Strada Urbana;VIA DEL SERAFICO;all'intersezione semaforizzata con;VIA SIMONE MARTINI;VIA SIMONE MARTINI;;;Scontro frontale/laterale SX fra veicoli in marcia;Intersezione semaforizzata;Due carreggiate;Asciutto;Asfaltata;Verticale ed orizzontale;Sereno;Normale;Buona;Ore Diurne;1;0;0;1;;;-1;2;Autovettura privata;In marcia / fermata / arresto;Conducente;M;Illeso;0;;Non accertato;Inesploso
1794939;12;11/03/2009 19:00;Strada Urbana;VIALE BEETHOVEN;all'intersezione con;PIAZZALE LUIGI STURZO;PIAZZALE LUIGI STURZO;;;Investimento di pedone;Incrocio;Una carreggiata a doppio senso;Asciutto;Asfaltata;Verticale ed orizzontale;Sereno;Normale;Sufficiente;Sufficiente;1;0;0;1;;;-1;;;;Pedone;M;Rimandato;0;NON DECEDUTO;;
1794939;12;11/03/2009 19:00;Strada Urbana;VIALE BEETHOVEN;all'intersezione con;PIAZZALE LUIGI STURZO;PIAZZALE LUIGI STURZO;;;Investimento di pedone;Incrocio;Una carreggiata a doppio senso;Asciutto;Asfaltata;Verticale ed orizzontale;Sereno;Normale;Sufficiente;Sufficiente;1;0;0;1;;;-1;1;Autovettura privata;In marcia / fermata / arresto;Conducente;F;Illeso;0;;Utilizzato;Inesistente
1794940;12;13/03/2009 16:00;Strada Urbana;VIA DI MEZZOCAMMINO;da specificare;;;;altezza via Butera;Infortunio per caduta del veicolo;Rettilineo;Una carreggiata a doppio senso;Asciutto;Asfaltata;Verticale ed orizzontale;Sereno;Normale;Buona;Ore Diurne;1;0;0;0;;;-1;1;Ciclomotore;In marcia / fermata / arresto;Conducente;F;Rimandato;0;NON DECEDUTO;Utilizzato;Inesistente
1794941;12;18/03/2009 12:30;Strada Urbana;PIAZZALE VENTICINQUE MARZO 1957;all'intersezione con;VIALE DELL'OCEANO ATLANTICO;VIALE DELL'OCEANO ATLANTICO;;;Scontro frontale fra veicoli in marcia;Incrocio;Due carreggiate;Asciutto;Asfaltata;Verticale ed orizzontale;Sereno;Intenso;Buona;Ore Diurne;0;0;0;2;;;-1;1;Autovettura privata;In marcia / fermata / arresto;Conducente;M;Illeso;0;;Utilizzato;Inesploso
1794941;12;18/03/2009 12:30;Strada Urbana;PIAZZALE VENTICINQUE MARZO 1957;all'intersezione con;VIALE DELL'OCEANO ATLANTICO;VIALE DELL'OCEANO ATLANTICO;;;Scontro frontale fra veicoli in marcia;Incrocio;Due carreggiate;Asciutto;Asfaltata;Verticale ed orizzontale;Sereno;Intenso;Buona;Ore Diurne;0;0;0;2;;;-1;2;Autovettura privata;In marcia / fermata / arresto;Conducente;F;Illeso;0;;Utilizzato;Inesploso
1794942;12;18/03/2009 19:00;Strada Urbana;VIA CRISTOFORO COLOMBO;da specificare;;;;prox. via oceania;Tamponamento;Rettilineo;Una carreggiata a senso unico di marcia;Asciutto;Asfaltata;Verticale ed orizzontale;Sereno;Intenso;Sufficiente;Sufficiente;0;0;0;2;;;-1;1;Autovettura privata;In marcia / fermata / arresto;Conducente;M;Illeso;0;;Utilizzato;Inesploso
1794942;12;18/03/2009 19:00;Strada Urbana;VIA CRISTOFORO COLOMBO;da specificare;;;;prox. via oceania;Tamponamento;Rettilineo;Una carreggiata a senso unico di marcia;Asciutto;Asfaltata;Verticale ed orizzontale;Sereno;Intenso;Sufficiente;Sufficiente;0;0;0;2;;;-1;2;Autovettura privata;Allontanatosi;Conducente;M;Illeso;0;;Non accertato;Inesploso
1794943;12;19/03/2009 10:00;Strada Urbana;VIA CRISTOFORO COLOMBO;da specificare;;;;altezza civico  710;Scontro laterale fra veicoli in marcia;Rettilineo;Più di due carreggiate;Asciutto;Asfaltata;Verticale ed orizzontale;Nuvoloso;Normale;Buona;Ore Diurne;0;0;0;3;;;-1;1;Autocarro inferiore 35 q.;In marcia / fermata / arresto;Conducente;M;Illeso;0;;Utilizzato;Inesploso
1794943;12;19/03/2009 10:00;Strada Urbana;VIA CRISTOFORO COLOMBO;da specificare;;;;altezza civico  710;Scontro laterale fra veicoli in marcia;Rettilineo;Più di due carreggiate;Asciutto;Asfaltata;Verticale ed orizzontale;Nuvoloso;Normale;Buona;Ore Diurne;0;0;0;3;;;-1;2;Autovettura privata;In marcia / fermata / arresto;Conducente;M;Illeso;0;;Utilizzato;Inesploso
1794943;12;19/03/2009 10:00;Strada Urbana;VIA CRISTOFORO COLOMBO;da specificare;;;;altezza civico  710;Scontro laterale fra veicoli in marcia;Rettilineo;Più di due carreggiate;Asciutto;Asfaltata;Verticale ed orizzontale;Nuvoloso;Normale;Buona;Ore Diurne;0;0;0;3;;;-1;3;Autovettura privata;In marcia / fermata / arresto;Conducente;M;Illeso;0;;Utilizzato;Inesploso
1794944;12;19/03/2009 13:30;Strada Urbana;VIALE ASIA;all'intersezione con;VIA CRISTOFORO COLOMBO;VIA CRISTOFORO COLOMBO;;;Scontro laterale fra veicoli in marcia;Incrocio;Una carreggiata a doppio senso;Asciutto;Asfaltata;Verticale ed orizzontale;Sereno;Normale;Buona;Ore Diurne;0;0;0;2;;;-1;1;Autovettura privata;In marcia / fermata / arresto;Conducente;M;Illeso;0;;Utilizzato;Inesploso
1794944;12;19/03/2009 13:30;Strada Urbana;VIALE ASIA;all'intersezione con;VIA CRISTOFORO COLOMBO;VIA CRISTOFORO COLOMBO;;;Scontro laterale fra veicoli in marcia;Incrocio;Una carreggiata a doppio senso;Asciutto;Asfaltata;Verticale ed orizzontale;Sereno;Normale;Buona;Ore Diurne;0;0;0;2;;;-1;2;Autovettura privata;In marcia / fermata / arresto;Conducente;M;Illeso;0;;Utilizzato;Inesploso
1794945;12;19/03/2009 16:50;Strada Urbana;VIA CINA;da specificare;;;;prossimità PIAZZA HAZON;Scontro laterale fra veicoli in marcia;Rettilineo;Una carreggiata a doppio senso;Asciutto;Asfaltata;Verticale ed orizzontale;Nuvoloso;Normale;Buona;Ore Diurne;0;0;0;2;;;-1;1;Autovettura privata;In marcia / fermata / arresto;Conducente;M;Illeso;0;;Utilizzato;Inesploso
1794945;12;19/03/2009 16:50;Strada Urbana;VIA CINA;da specificare;;;;prossimità PIAZZA HAZON;Scontro laterale fra veicoli in marcia;Rettilineo;Una carreggiata a doppio senso;Asciutto;Asfaltata;Verticale ed orizzontale;Nuvoloso;Normale;Buona;Ore Diurne;0;0;0;2;;;-1;2;Autovettura privata;In marcia / fermata / arresto;Conducente;F;Illeso;0;;Utilizzato;Inesploso
1794946;12;19/03/2009 22:05;Strada Urbana;VIA CRISTOFORO COLOMBO;da specificare;;;;prox. Viale dell'Umanesimo;Veicolo in marcia contro ostacolo accidentale;Curva a visuale libera;Una carreggiata a senso unico di marcia;Bagnato (pioggia);Asfaltata;Verticale ed orizzontale;Pioggia in atto;Scarso;Buona;Sufficiente;1;0;0;0;;;-1;1;Motociclo a solo;In marcia / fermata / arresto;Conducente;F;Rimandato;0;NON DECEDUTO;Utilizzato;Inesistente
1794947;12;19/03/2009 22:20;Strada Urbana;VIA ERSILIA MAINO BRONZINI;da specificare;;;;alt. civico  52;Veicolo in marcia contro veicolo in sosta;Rettilineo;Una carreggiata a senso unico di marcia;Bagnato (pioggia);Asfaltata;Verticale ed orizzontale;Pioggia in atto;Scarso;Sufficiente;Sufficiente;1;0;0;0;;;-1;1;Motociclo a solo;In marcia / fermata / arresto;Conducente;M;Ricoverato;0;NON DECEDUTO;Utilizzato;Inesploso
1794948;12;20/03/2009 07:30;Strada Urbana;PIAZZALE GIULIO DOUHET;all'intersezione semaforizzata con;VIA LAURENTINA;VIA LAURENTINA;;;Scontro laterale fra veicoli in marcia;Intersezione semaforizzata;Una carreggiata a senso unico di marcia;Asciutto;Asfaltata;Verticale ed orizzontale;Nuvoloso;Intenso;Buona;Ore Diurne;0;0;0;3;;;-1;1;Autotreno;In marcia / fermata / arresto;Conducente;M;Illeso;0;;Utilizzato;Inesploso
1794948;12;20/03/2009 07:30;Strada Urbana;PIAZZALE GIULIO DOUHET;all'intersezione semaforizzata con;VIA LAURENTINA;VIA LAURENTINA;;;Scontro laterale fra veicoli in marcia;Intersezione semaforizzata;Una carreggiata a senso unico di marcia;Asciutto;Asfaltata;Verticale ed orizzontale;Nuvoloso;Intenso;Buona;Ore Diurne;0;0;0;3;;;-1;2;Autovettura privata;In marcia / fermata / arresto;Conducente;M;Illeso;0;;Utilizzato;Inesploso
1794948;12;20/03/2009 07:30;Strada Urbana;PIAZZALE GIULIO DOUHET;all'intersezione semaforizzata con;VIA LAURENTINA;VIA LAURENTINA;;;Scontro laterale fra veicoli in marcia;Intersezione semaforizzata;Una carreggiata a senso unico di marcia;Asciutto;Asfaltata;Verticale ed orizzontale;Nuvoloso;Intenso;Buona;Ore Diurne;0;0;0;3;;;-1;2;Autovettura privata;In marcia / fermata / arresto;Passeggero;F;Illeso;0;;Utilizzato;Inesploso
1794949;12;20/03/2009 10:00;Strada Urbana;VIA DELLA CECCHIGNOLA;da specificare;;;;civico  281;Tamponamento Multiplo;Rettilineo;Una carreggiata a doppio senso;Asciutto;Asfaltata;Verticale ed orizzontale;Nuvoloso;Normale;Buona;Ore Diurne;0;0;0;3;;;-1;1;Autovettura privata;In marcia / fermata / arresto;Conducente;F;Illeso;0;;Non accertato;Inesistente
1794949;12;20/03/2009 10:00;Strada Urbana;VIA DELLA CECCHIGNOLA;da specificare;;;;civico  281;Tamponamento Multiplo;Rettilineo;Una carreggiata a doppio senso;Asciutto;Asfaltata;Verticale ed orizzontale;Nuvoloso;Normale;Buona;Ore Diurne;0;0;0;3;;;-1;3;Autovettura privata;In marcia / fermata / arresto;Conducente;M;Illeso;0;;Utilizzato;Inesploso
1794949;12;20/03/2009 10:00;Strada Urbana;VIA DELLA CECCHIGNOLA;da specificare;;;;civico  281;Tamponamento Multiplo;Rettilineo;Una carreggiata a doppio senso;Asciutto;Asfaltata;Verticale ed orizzontale;Nuvoloso;Normale;Buona;Ore Diurne;0;0;0;3;;;-1;4;Autovettura privata;In marcia / fermata / arresto;Conducente;M;Illeso;0;;Utilizzato;Inesploso
1794950;12;20/03/2009 11:45;Strada Urbana;VIALE IGNAZIO SILONE;da specificare;;;;prox. civ.  37;Scontro frontale/laterale SX fra veicoli in marcia;Rettilineo;Due carreggiate;Asciutto;Asfaltata;Verticale ed orizzontale;Nuvoloso;Normale;Buona;Ore Diurne;0;0;0;2;;;-1;1;Autovettura privata;In marcia / fermata / arresto;Conducente;F;Illeso;0;;Utilizzato;Inesploso
1794950;12;20/03/2009 11:45;Strada Urbana;VIALE IGNAZIO SILONE;da specificare;;;;prox. civ.  37;Scontro frontale/laterale SX fra veicoli in marcia;Rettilineo;Due carreggiate;Asciutto;Asfaltata;Verticale ed orizzontale;Nuvoloso;Normale;Buona;Ore Diurne;0;0;0;2;;;-1;1;Autovettura privata;In marcia / fermata / arresto;Passeggero;M;Illeso;0;;Utilizzato;Inesistente
1794951;12;20/03/2009 14:20;Strada Urbana;LARGO PIAZZA TIEN AN MEN;all'intersezione con;VIALE DELLA GRANDE MURAGLIA;VIALE DELLA GRANDE MURAGLIA;;;Scontro frontale/laterale SX fra veicoli in marcia;Incrocio;Due carreggiate;Asciutto;Asfaltata;Verticale ed orizzontale;Nuvoloso;Normale;Buona;Ore Diurne;0;0;0;2;;;-1;1;Autovettura privata;In marcia / fermata / arresto;Conducente;F;Illeso;0;;Utilizzato;Inesploso
1794951;12;20/03/2009 14:20;Strada Urbana;LARGO PIAZZA TIEN AN MEN;all'intersezione con;VIALE DELLA GRANDE MURAGLIA;VIALE DELLA GRANDE MURAGLIA;;;Scontro frontale/laterale SX fra veicoli in marcia;Incrocio;Due carreggiate;Asciutto;Asfaltata;Verticale ed orizzontale;Nuvoloso;Normale;Buona;Ore Diurne;0;0;0;2;;;-1;2;Autovettura privata;In marcia / fermata / arresto;Conducente;F;Illeso;0;;Utilizzato;Inesploso
1794952;12;20/03/2009 16:30;Altra strada;VIA MARIO CARUCCI;in prossimità;;del palo luce n. ;24-25;;Veicolo in marcia contro ostacolo accidentale;Rettilineo;Una carreggiata a doppio senso;Asciutto;Asfaltata;Verticale;Nuvoloso;Scarso;Buona;Ore Diurne;0;0;0;1;;;-1;1;Autovettura privata;In marcia / fermata / arresto;Conducente;M;Illeso;0;;Utilizzato;Inesistente
1794953;12;20/03/2009 17:45;Strada Urbana;VIA ANDREA MELDOLA;in prossimità;;del civico n. ;110;;Scontro laterale fra veicoli in marcia;Rettilineo;Una carreggiata a doppio senso;Asciutto;Asfaltata;Orizzontale;Nuvoloso;Normale;Buona;Ore Diurne;0;0;0;4;;;-1;1;Autovettura privata;In marcia / fermata / arresto;Conducente;M;Illeso;0;;Utilizzato;Inesploso
1794953;12;20/03/2009 17:45;Strada Urbana;VIA ANDREA MELDOLA;in prossimità;;del civico n. ;110;;Scontro laterale fra veicoli in marcia;Rettilineo;Una carreggiata a doppio senso;Asciutto;Asfaltata;Orizzontale;Nuvoloso;Normale;Buona;Ore Diurne;0;0;0;4;;;-1;1;Autovettura privata;In marcia / fermata / arresto;Passeggero;F;Illeso;0;;Utilizzato;Inesistente
1794953;12;20/03/2009 17:45;Strada Urbana;VIA ANDREA MELDOLA;in prossimità;;del civico n. ;110;;Scontro laterale fra veicoli in marcia;Rettilineo;Una carreggiata a doppio senso;Asciutto;Asfaltata;Orizzontale;Nuvoloso;Normale;Buona;Ore Diurne;0;0;0;4;;;-1;2;Autovettura privata;In marcia / fermata / arresto;Conducente;M;Illeso;0;;Non accertato;Inesploso
1794953;12;20/03/2009 17:45;Strada Urbana;VIA ANDREA MELDOLA;in prossimità;;del civico n. ;110;;Scontro laterale fra veicoli in marcia;Rettilineo;Una carreggiata a doppio senso;Asciutto;Asfaltata;Orizzontale;Nuvoloso;Normale;Buona;Ore Diurne;0;0;0;4;;;-1;2;Autovettura privata;In marcia / fermata / arresto;Passeggero;M;Illeso;0;;Utilizzato;Inesistente
1794954;13;20/03/2009 06:45;Strada Urbana;VIALE CHARLES LENORMANT;da specificare;;;;100MT  DALL'IMMISSIONE  DI VIA  GASBARRA;Veicolo in marcia contro veicolo in sosta;Rettilineo;Due carreggiate;Asciutto;Asfaltata;Assente;Nuvoloso;Scarso;Buona;Ore Diurne;0;0;0;2;;;-1;1;Autovettura privata;In marcia / fermata / arresto;Conducente;M;Illeso;0;;Non accertato;Esploso
1794954;13;20/03/2009 06:45;Strada Urbana;VIALE CHARLES LENORMANT;da specificare;;;;100MT  DALL'IMMISSIONE  DI VIA  GASBARRA;Veicolo in marcia contro veicolo in sosta;Rettilineo;Due carreggiate;Asciutto;Asfaltata;Assente;Nuvoloso;Scarso;Buona;Ore Diurne;0;0;0;2;;;-1;2;Autocarro inferiore 35 q.;In marcia / fermata / arresto;Conducente;M;Illeso;0;;Non accertato;Inesploso
1794955;13;20/03/2009 07:30;Strada Urbana;PIAZZA DI S. MONICA;all'intersezione con;VIA DELLE GONDOLE;VIA DELLE GONDOLE;;;Scontro frontale/laterale DX fra veicoli in marcia;Incrocio;Una carreggiata a doppio senso;Asciutto;Asfaltata;Orizzontale;Nuvoloso;Normale;Buona;Ore Diurne;0;0;0;2;;;-1;1;Autovettura privata;In marcia / fermata / arresto;Conducente;M;Illeso;0;;Non accertato;Inesistente
1794955;13;20/03/2009 07:30;Strada Urbana;PIAZZA DI S. MONICA;all'intersezione con;VIA DELLE GONDOLE;VIA DELLE GONDOLE;;;Scontro frontale/laterale DX fra veicoli in marcia;Incrocio;Una carreggiata a doppio senso;Asciutto;Asfaltata;Orizzontale;Nuvoloso;Normale;Buona;Ore Diurne;0;0;0;2;;;-1;2;Autovettura privata;In marcia / fermata / arresto;Conducente;M;Illeso;0;;Non accertato;Inesistente
1794956;13;20/03/2009 09:30;Strada Urbana;VIA DEL CASALETTO DI GIANO;all'intersezione con;VIA LAMEZIA TERME;VIA LAMEZIA TERME;;;Scontro frontale/laterale DX fra veicoli in marcia;Incrocio;Una carreggiata a doppio senso;Asciutto;Asfaltata;Orizzontale;Nuvoloso;Scarso;Buona;Ore Diurne;0;0;0;3;;;-1;1;Autovettura privata;In marcia / fermata / arresto;Conducente;M;Illeso;0;;Non accertato;Inesploso
1794956;13;20/03/2009 09:30;Strada Urbana;VIA DEL CASALETTO DI GIANO;all'intersezione con;VIA LAMEZIA TERME;VIA LAMEZIA TERME;;;Scontro frontale/laterale DX fra veicoli in marcia;Incrocio;Una carreggiata a doppio senso;Asciutto;Asfaltata;Orizzontale;Nuvoloso;Scarso;Buona;Ore Diurne;0;0;0;3;;;-1;2;Autovettura privata;In marcia / fermata / arresto;Conducente;F;Illeso;0;;Non accertato;Inesistente
1794956;13;20/03/2009 09:30;Strada Urbana;VIA DEL CASALETTO DI GIANO;all'intersezione con;VIA LAMEZIA TERME;VIA LAMEZIA TERME;;;Scontro frontale/laterale DX fra veicoli in marcia;Incrocio;Una carreggiata a doppio senso;Asciutto;Asfaltata;Orizzontale;Nuvoloso;Scarso;Buona;Ore Diurne;0;0;0;3;;;-1;2;Autovettura privata;In marcia / fermata / arresto;Passeggero;M;Illeso;0;;Non accertato;Inesistente
1794957;13;20/03/2009 12:30;Strada Urbana;VIA DELLE GONDOLE;all'intersezione con;VIA DELLE BALENIERE;VIA DELLE BALENIERE;;;Veicolo in marcia contro ostacolo fisso;Incrocio;Una carreggiata a senso unico di marcia;Asciutto;Asfaltata;Verticale;Nuvoloso;Normale;Buona;Ore Diurne;0;0;0;1;;;-1;1;Autovettura privata;In marcia / fermata / arresto;Conducente;M;Illeso;0;;Non accertato;Inesistente
1794958;13;20/03/2009 19:30;Strada Urbana;VIA CAPO SPARTIVENTO;all'intersezione con;VIA ALESSANDRO PIOLA CASELLI;VIA ALESSANDRO PIOLA CASELLI;;;Scontro frontale/laterale DX fra veicoli in marcia;Incrocio;Due carreggiate;Asciutto;Asfaltata;Verticale ed orizzontale;Nuvoloso;Normale;Buona;Sufficiente;2;0;0;1;;;-1;1;Autovettura privata;In marcia / fermata / arresto;Conducente;F;Rimandato;0;NON DECEDUTO;Non accertato;Inesploso