Protocollo;Gruppo;DataOraIncidente;Localizzazione1;STRADA1;Localizzazione2;STRADA2;Strada02;Chilometrica;DaSpecificare;NaturaIncidente;particolaritastrade;TipoStrada;FondoStradale;Pavimentazione;Segnaletica;CondizioneAtmosferica;Traffico;Visibilita;Illuminazione;NUM_FERITI;NUM_RISERVATA;NUM_MORTI;NUM_ILLESI;Longitudine;Latitudine;Confermato;Progressivo;TipoVeicolo;StatoVeicolo;TipoPersona;Sesso;Tipolesione;Deceduto;DecedutoDopo;CinturaCascoUtilizzato;Airbag
1795758;13;29/03/2009 16:50;Strada Urbana;VIALE TIMOCLE;in prossimità;;del civico n. ;388;;Veicoli in marcia contro veicoli fermi;Rettilineo;Due carreggiate;Bagnato (umidità in atto);Asfaltata;Assente;Nuvoloso;Scarso;Buona;Ore Diurne;2;0;0;1;;;-1;2;Quadriciclo leggero;Sosta;Passeggero;F;Rimandato;0;NON DECEDUTO;Non accertato;Inesploso
1795759;13;29/03/2009 17:30;Strada Urbana;VIA ISOLE DEL CAPO VERDE;all'intersezione con;VIA ARISTIDE CARABELLI;VIA ARISTIDE CARABELLI;;;Scontro frontale/laterale SX fra veicoli in marcia;Incrocio;Una carreggiata a senso unico di marcia;Asciutto;Asfaltata;Verticale ed orizzontale;Sereno;Scarso;Buona;Ore Diurne;0;0;0;4;;;-1;1;Autovettura privata;In marcia / fermata / arresto;Conducente;F;Illeso;0;;Non accertato;Inesistente
1795759;13;29/03/2009 17:30;Strada Urbana;VIA ISOLE DEL CAPO VERDE;all'intersezione con;VIA ARISTIDE CARABELLI;VIA ARISTIDE CARABELLI;;;Scontro frontale/laterale SX fra veicoli in marcia;Incrocio;Una carreggiata a senso unico di marcia;Asciutto;Asfaltata;Verticale ed orizzontale;Sereno;Scarso;Buona;Ore Diurne;0;0;0;4;;;-1;2;Autovettura privata;In marcia / fermata / arresto;Conducente;F;Illeso;0;;Non accertato;Inesistente
1795759;13;29/03/2009 17:30;Strada Urbana;VIA ISOLE DEL CAPO VERDE;all'intersezione con;VIA ARISTIDE CARABELLI;VIA ARISTIDE CARABELLI;;;Scontro frontale/laterale SX fra veicoli in marcia;Incrocio;Una carreggiata a senso unico di marcia;Asciutto;Asfaltata;Verticale ed orizzontale;Sereno;Scarso;Buona;Ore Diurne;0;0;0;4;;;-1;2;Autovettura privata;In marcia / fermata / arresto;Passeggero;M;Illeso;0;;Non utilizzato;Inesistente
1795759;13;29/03/2009 17:30;Strada Urbana;VIA ISOLE DEL CAPO VERDE;all'intersezione con;VIA ARISTIDE CARABELLI;VIA ARISTIDE CARABELLI;;;Scontro frontale/laterale SX fra veicoli in marcia;Incrocio;Una carreggiata a senso unico di marcia;Asciutto;Asfaltata;Verticale ed orizzontale;Sereno;Scarso;Buona;Ore Diurne;0;0;0;4;;;-1;2;Autovettura privata;In marcia / fermata / arresto;Passeggero;M;Illeso;0;;Non utilizzato;Inesistente
1795760;15;27/03/2009 18:05;Strada Urbana;VIA PORTUENSE;in prossimità;;del civico n. ;851;;Scontro frontale/laterale DX fra veicoli in marcia;Rettilineo;Una carreggiata a doppio senso;Asciutto;Asfaltata;Verticale ed orizzontale;Sereno;Normale;Buona;Ore Diurne;0;0;0;2;;;-1;1;Autovettura privata;In marcia / fermata / arresto;Conducente;M;Illeso;0;;Utilizzato;Inesistente
1795760;15;27/03/2009 18:05;Strada Urbana;VIA PORTUENSE;in prossimità;;del civico n. ;851;;Scontro frontale/laterale DX fra veicoli in marcia;Rettilineo;Una carreggiata a doppio senso;Asciutto;Asfaltata;Verticale ed orizzontale;Sereno;Normale;Buona;Ore Diurne;0;0;0;2;;;-1;2;Autovettura privata;In marcia / fermata / arresto;Conducente;F;Illeso;0;;Utilizzato;Inesistente
1795761;15;27/03/2009 23:20;Strada Urbana;VIALE GUGLIELMO MARCONI;in corrispondenza;;del civico n. ;205;;Tamponamento;Rettilineo;Due carreggiate;Asciutto;Asfaltata;Verticale ed orizzontale;Sereno;Scarso;Buona;Sufficiente;0;0;0;6;;;-1;1;Autovettura privata;In marcia / fermata / arresto;Conducente;M;Illeso;0;;Utilizzato;Inesistente
1795761;15;27/03/2009 23:20;Strada Urbana;VIALE GUGLIELMO MARCONI;in corrispondenza;;del civico n. ;205;;Tamponamento;Rettilineo;Due carreggiate;Asciutto;Asfaltata;Verticale ed orizzontale;Sereno;Scarso;Buona;Sufficiente;0;0;0;6;;;-1;1;Autovettura privata;In marcia / fermata / arresto;Passeggero;M;Illeso;0;;Utilizzato;Inesistente
1795761;15;27/03/2009 23:20;Strada Urbana;VIALE GUGLIELMO MARCONI;in corrispondenza;;del civico n. ;205;;Tamponamento;Rettilineo;Due carreggiate;Asciutto;Asfaltata;Verticale ed orizzontale;Sereno;Scarso;Buona;Sufficiente;0;0;0;6;;;-1;2;Autovettura privata;In marcia / fermata / arresto;Conducente;M;Illeso;0;;Utilizzato;Inesistente
1795761;15;27/03/2009 23:20;Strada Urbana;VIALE GUGLIELMO MARCONI;in corrispondenza;;del civico n. ;205;;Tamponamento;Rettilineo;Due carreggiate;Asciutto;Asfaltata;Verticale ed orizzontale;Sereno;Scarso;Buona;Sufficiente;0;0;0;6;;;-1;2;Autovettura privata;In marcia / fermata / arresto;Passeggero;F;Illeso;0;;Utilizzato;Inesistente
1795761;15;27/03/2009 23:20;Strada Urbana;VIALE GUGLIELMO MARCONI;in corrispondenza;;del civico n. ;205;;Tamponamento;Rettilineo;Due carreggiate;Asciutto;Asfaltata;Verticale ed orizzontale;Sereno;Scarso;Buona;Sufficiente;0;0;0;6;;;-1;2;Autovettura privata;In marcia / fermata / arresto;Passeggero;F;Illeso;0;;Utilizzato;Inesistente
1795761;15;27/03/2009 23:20;Strada Urbana;VIALE GUGLIELMO MARCONI;in corrispondenza;;del civico n. ;205;;Tamponamento;Rettilineo;Due carreggiate;Asciutto;Asfaltata;Verticale ed orizzontale;Sereno;Scarso;Buona;Sufficiente;0;0;0;6;;;-1;2;Autovettura privata;In marcia / fermata / arresto;Passeggero;M;Illeso;0;;Utilizzato;Inesistente
1795762;15;28/03/2009 18:15;Strada Urbana;VIA DEGLI ALAGNO;da specificare;;;;fronte campo rugby;Scontro laterale fra veicoli in marcia;Rettilineo;Una carreggiata a doppio senso;Asciutto;Asfaltata;Orizzontale;Sereno;Intenso;Buona;Ore Diurne;0;0;0;2;;;-1;1;Autovettura privata;In marcia / fermata / arresto;Conducente;M;Illeso;0;;Utilizzato;Inesistente
1795762;15;28/03/2009 18:15;Strada Urbana;VIA DEGLI ALAGNO;da specificare;;;;fronte campo rugby;Scontro laterale fra veicoli in marcia;Rettilineo;Una carreggiata a doppio senso;Asciutto;Asfaltata;Orizzontale;Sereno;Intenso;Buona;Ore Diurne;0;0;0;2;;;-1;2;Ciclomotore;In marcia / fermata / arresto;Conducente;F;Illeso;0;;Utilizzato;Inesistente
1795763;15;28/03/2009 18:15;Strada Urbana;VIA DEI CANDIANO;all'intersezione con;VIA DELLA CASETTA MATTEI;VIA DELLA CASETTA MATTEI;;;Scontro laterale fra veicoli in marcia;Incrocio;Una carreggiata a doppio senso;Asciutto;Asfaltata;Assente;Sereno;Normale;Buona;Sufficiente;0;0;0;3;;;-1;1;Autovettura privata;In marcia / fermata / arresto;Conducente;F;Illeso;0;;Utilizzato;Inesistente
1795763;15;28/03/2009 18:15;Strada Urbana;VIA DEI CANDIANO;all'intersezione con;VIA DELLA CASETTA MATTEI;VIA DELLA CASETTA MATTEI;;;Scontro laterale fra veicoli in marcia;Incrocio;Una carreggiata a doppio senso;Asciutto;Asfaltata;Assente;Sereno;Normale;Buona;Sufficiente;0;0;0;3;;;-1;1;Autovettura privata;In marcia / fermata / arresto;Passeggero;F;Illeso;0;;Utilizzato;Inesistente
1795763;15;28/03/2009 18:15;Strada Urbana;VIA DEI CANDIANO;all'intersezione con;VIA DELLA CASETTA MATTEI;VIA DELLA CASETTA MATTEI;;;Scontro laterale fra veicoli in marcia;Incrocio;Una carreggiata a doppio senso;Asciutto;Asfaltata;Assente;Sereno;Normale;Buona;Sufficiente;0;0;0;3;;;-1;2;Autovettura privata;In marcia / fermata / arresto;Conducente;M;Illeso;0;;Utilizzato;Inesistente
1795764;15;29/03/2009 12:00;Strada Urbana;VIA DELLA MAGLIANA NUOVA;all'intersezione con;VIA LUIGI RAVA;VIA LUIGI RAVA;;;Veicolo in marcia contro veicolo in sosta;Incrocio;Due carreggiate;Asciutto;Asfaltata;Verticale ed orizzontale;Nuvoloso;Normale;Buona;Ore Diurne;0;0;0;1;;;-1;1;Autobus di linea;In marcia / fermata / arresto;Conducente;M;Illeso;0;;Non accertato;Inesploso
1795765;16;06/03/2009 19:15;Strada Urbana;VIA LORENZO VIDASCHI;all'intersezione con;VIA RAFFAELE BALESTRA;VIA RAFFAELE BALESTRA;;;Veicolo in marcia contro veicolo in sosta;Intersezione stradale segnalata;Una carreggiata a doppio senso;Asciutto;Asfaltata;Verticale;Sereno;Normale;Sufficiente;Sufficiente;0;0;0;2;;;-1;1;Autovettura privata;In marcia / fermata / arresto;Conducente;M;Illeso;0;;Non accertato;Inesistente
1795765;16;06/03/2009 19:15;Strada Urbana;VIA LORENZO VIDASCHI;all'intersezione con;VIA RAFFAELE BALESTRA;VIA RAFFAELE BALESTRA;;;Veicolo in marcia contro veicolo in sosta;Intersezione stradale segnalata;Una carreggiata a doppio senso;Asciutto;Asfaltata;Verticale;Sereno;Normale;Sufficiente;Sufficiente;0;0;0;2;;;-1;1;Autovettura privata;In marcia / fermata / arresto;Passeggero;M;Illeso;0;;Non accertato;Inesistente
1795768;18;27/03/2009 16:40;Strada Urbana;PIAZZA IRNERIO;all'intersezione con;VIA AURELIA;VIA AURELIA;;;Scontro laterale fra veicoli in marcia;Incrocio;Una carreggiata a doppio senso;Asciutto;Asfaltata;Verticale ed orizzontale;Sereno;Normale;Buona;Ore Diurne;0;0;0;3;;;-1;1;Autovettura privata;In marcia / fermata / arresto;Conducente;F;Illeso;0;;Non accertato;Inesploso
1795768;18;27/03/2009 16:40;Strada Urbana;PIAZZA IRNERIO;all'intersezione con;VIA AURELIA;VIA AURELIA;;;Scontro laterale fra veicoli in marcia;Incrocio;Una carreggiata a doppio senso;Asciutto;Asfaltata;Verticale ed orizzontale;Sereno;Normale;Buona;Ore Diurne;0;0;0;3;;;-1;1;Autovettura privata;In marcia / fermata / arresto;Passeggero;F;Illeso;0;;Non accertato;Inesploso
1795768;18;27/03/2009 16:40;Strada Urbana;PIAZZA IRNERIO;all'intersezione con;VIA AURELIA;VIA AURELIA;;;Scontro laterale fra veicoli in marcia;Incrocio;Una carreggiata a doppio senso;Asciutto;Asfaltata;Verticale ed orizzontale;Sereno;Normale;Buona;Ore Diurne;0;0;0;3;;;-1;2;Motociclo a solo;In marcia / fermata / arresto;Conducente;M;Illeso;0;;Non accertato;Inesistente
1795769;18;27/03/2009 17:50;Strada Urbana;PIAZZA IRNERIO;in prossimità;;del civico n. ;40;;Scontro laterale fra veicoli in marcia;Curva a visuale libera;Due carreggiate;Asciutto;Asfaltata;Verticale ed orizzontale;Sereno;Intenso;Buona;Ore Diurne;1;0;0;2;;;-1;1;Autovettura privata;In marcia / fermata / arresto;Conducente;F;Illeso;0;;Non accertato;Inesploso
1795769;18;27/03/2009 17:50;Strada Urbana;PIAZZA IRNERIO;in prossimità;;del civico n. ;40;;Scontro laterale fra veicoli in marcia;Curva a visuale libera;Due carreggiate;Asciutto;Asfaltata;Verticale ed orizzontale;Sereno;Intenso;Buona;Ore Diurne;1;0;0;2;;;-1;1;Autovettura privata;In marcia / fermata / arresto;Passeggero;F;Illeso;0;;Non accertato;Inesploso
1795769;18;27/03/2009 17:50;Strada Urbana;PIAZZA IRNERIO;in prossimità;;del civico n. ;40;;Scontro laterale fra veicoli in marcia;Curva a visuale libera;Due carreggiate;Asciutto;Asfaltata;Verticale ed orizzontale;Sereno;Intenso;Buona;Ore Diurne;1;0;0;2;;;-1;2;Motociclo a solo;In marcia / fermata / arresto;Conducente;M;Rimandato;0;NON DECEDUTO;Non accertato;Inesistente
1795770;18;28/03/2009 18:15;Strada Urbana;VIA AURELIA;all'intersezione con;VIA AGOSTINO RICHELMY;VIA AGOSTINO RICHELMY;;;Scontro frontale/laterale SX fra veicoli in marcia;Intersezione stradale segnalata;Una carreggiata a doppio senso;Bagnato (pioggia);Asfaltata;Verticale ed orizzontale;Pioggia in atto;Normale;Buona;Ore Diurne;2;0;0;1;;;-1;1;Autovettura privata;In marcia / fermata / arresto;Conducente;F;Rimandato;0;NON DECEDUTO;Non accertato;Inesistente
1795770;18;28/03/2009 18:15;Strada Urbana;VIA AURELIA;all'intersezione con;VIA AGOSTINO RICHELMY;VIA AGOSTINO RICHELMY;;;Scontro frontale/laterale SX fra veicoli in marcia;Intersezione stradale segnalata;Una carreggiata a doppio senso;Bagnato (pioggia);Asfaltata;Verticale ed orizzontale;Pioggia in atto;Normale;Buona;Ore Diurne;2;0;0;1;;;-1;2;Motociclo con passeggero;In marcia / fermata / arresto;Conducente;M;Rimandato;0;NON DECEDUTO;Non accertato;Inesistente
1795770;18;28/03/2009 18:15;Strada Urbana;VIA AURELIA;all'intersezione con;VIA AGOSTINO RICHELMY;VIA AGOSTINO RICHELMY;;;Scontro frontale/laterale SX fra veicoli in marcia;Intersezione stradale segnalata;Una carreggiata a doppio senso;Bagnato (pioggia);Asfaltata;Verticale ed orizzontale;Pioggia in atto;Normale;Buona;Ore Diurne;2;0;0;1;;;-1;2;Motociclo con passeggero;In marcia / fermata / arresto;Passeggero;M;Illeso;0;;Non accertato;Inesistente
1795771;19;28/03/2009 05:00;Strada Urbana;GALLERIA GIOVANNI XXIII;da specificare;;;;prossimita' Km 1,400;Fuoriuscita dalla sede stradale;Galleria illuminata;Una carreggiata a senso unico di marcia;Asciutto;Asfaltata;Orizzontale;Sereno;Scarso;Buona;Sufficiente;1;0;0;0;;;-1;1;Autovettura privata;In marcia / fermata / arresto;Conducente;F;Rimandato;0;NON DECEDUTO;Non accertato;Esploso
1795772;19;29/03/2009 00:50;Strada Urbana;VIA DI VALLE AURELIA;da specificare;;;;pross. Via V.Montiglio ;Fuoriuscita dalla sede stradale;Curva senza visuale libera;Una carreggiata a doppio senso;Bagnato (pioggia);Asfaltata;Verticale ed orizzontale;Pioggia in atto;Scarso;Sufficiente;Sufficiente;1;0;0;3;;;-1;1;Autovettura privata;In marcia / fermata / arresto;Conducente;M;Illeso;0;;Non accertato;Inesploso
1795772;19;29/03/2009 00:50;Strada Urbana;VIA DI VALLE AURELIA;da specificare;;;;pross. Via V.Montiglio ;Fuoriuscita dalla sede stradale;Curva senza visuale libera;Una carreggiata a doppio senso;Bagnato (pioggia);Asfaltata;Verticale ed orizzontale;Pioggia in atto;Scarso;Sufficiente;Sufficiente;1;0;0;3;;;-1;1;Autovettura privata;In marcia / fermata / arresto;Passeggero;M;Illeso;0;;Non accertato;Esploso
1795772;19;29/03/2009 00:50;Strada Urbana;VIA DI VALLE AURELIA;da specificare;;;;pross. Via V.Montiglio ;Fuoriuscita dalla sede stradale;Curva senza visuale libera;Una carreggiata a doppio senso;Bagnato (pioggia);Asfaltata;Verticale ed orizzontale;Pioggia in atto;Scarso;Sufficiente;Sufficiente;1;0;0;3;;;-1;1;Autovettura privata;In marcia / fermata / arresto;Passeggero;F;Rimandato;0;NON DECEDUTO;Utilizzato;Inesistente
1795772;19;29/03/2009 00:50;Strada Urbana;VIA DI VALLE AURELIA;da specificare;;;;pross. Via V.Montiglio ;Fuoriuscita dalla sede stradale;Curva senza visuale libera;Una carreggiata a doppio senso;Bagnato (pioggia);Asfaltata;Verticale ed orizzontale;Pioggia in atto;Scarso;Sufficiente;Sufficiente;1;0;0;3;;;-1;1;Autovettura privata;In marcia / fermata / arresto;Passeggero;F;Illeso;0;;Utilizzato;Inesistente
1795773;19;29/03/2009 06:50;Strada Urbana;PIAZZA PIETRO THOUAR;all'intersezione con;VIA OTTAVIO ASSAROTTI;VIA OTTAVIO ASSAROTTI;;;Scontro frontale/laterale SX fra veicoli in marcia;Incrocio;Una carreggiata a doppio senso;Bagnato (pioggia);Asfaltata;Verticale ed orizzontale;Nuvoloso;Normale;Buona;Ore Diurne;0;0;0;3;;;-1;1;Autovettura privata;In marcia / fermata / arresto;Conducente;F;Illeso;0;;Non accertato;Inesistente
1795773;19;29/03/2009 06:50;Strada Urbana;PIAZZA PIETRO THOUAR;all'intersezione con;VIA OTTAVIO ASSAROTTI;VIA OTTAVIO ASSAROTTI;;;Scontro frontale/laterale SX fra veicoli in marcia;Incrocio;Una carreggiata a doppio senso;Bagnato (pioggia);Asfaltata;Verticale ed orizzontale;Nuvoloso;Normale;Buona;Ore Diurne;0;0;0;3;;;-1;2;Autovettura privata;In marcia / fermata / arresto;Conducente;F;Illeso;0;;Non accertato;Inesistente
1795773;19;29/03/2009 06:50;Strada Urbana;PIAZZA PIETRO THOUAR;all'intersezione con;VIA OTTAVIO ASSAROTTI;VIA OTTAVIO ASSAROTTI;;;Scontro frontale/laterale SX fra veicoli in marcia;Incrocio;Una carreggiata a doppio senso;Bagnato (pioggia);Asfaltata;Verticale ed orizzontale;Nuvoloso;Normale;Buona;Ore Diurne;0;0;0;3;;;-1;2;Autovettura privata;In marcia / fermata / arresto;Passeggero;M;Illeso;0;;Non accertato;Inesistente
1795774;19;29/03/2009 08:26;Strada Urbana;VIA INZAGO;all'intersezione con;VIA NERVIANO;VIA NERVIANO;;;Scontro frontale/laterale SX fra veicoli in marcia;Intersezione non regolata/non segnalata;Una carreggiata a doppio senso;Bagnato (pioggia);Asfaltata;Orizzontale;Nuvoloso;Scarso;Buona;Ore Diurne;0;0;0;2;;;-1;1;Autovettura privata;In marcia / fermata / arresto;Conducente;F;Illeso;0;;Non accertato;Inesistente
1795774;19;29/03/2009 08:26;Strada Urbana;VIA INZAGO;all'intersezione con;VIA NERVIANO;VIA NERVIANO;;;Scontro frontale/laterale SX fra veicoli in marcia;Intersezione non regolata/non segnalata;Una carreggiata a doppio senso;Bagnato (pioggia);Asfaltata;Orizzontale;Nuvoloso;Scarso;Buona;Ore Diurne;0;0;0;2;;;-1;2;Autovettura privata;In marcia / fermata / arresto;Conducente;M;Illeso;0;;Non accertato;Inesploso
1795775;19;29/03/2009 13:30;Strada Urbana;VIA DI BOCCEA;in prossimità;;della chilometrica ;15;;Tamponamento;Cunetta;Una carreggiata a doppio senso;Asciutto;Asfaltata;Orizzontale;Nuvoloso;Normale;Buona;Ore Diurne;0;0;0;2;;;-1;1;Autovettura privata;In marcia / fermata / arresto;Conducente;M;Illeso;0;;Non accertato;Inesploso
1795775;19;29/03/2009 13:30;Strada Urbana;VIA DI BOCCEA;in prossimità;;della chilometrica ;15;;Tamponamento;Cunetta;Una carreggiata a doppio senso;Asciutto;Asfaltata;Orizzontale;Nuvoloso;Normale;Buona;Ore Diurne;0;0;0;2;;;-1;2;Autovettura privata;In marcia / fermata / arresto;Conducente;M;Illeso;0;;Non accertato;Inesploso
1795776;19;29/03/2009 15:50;Strada Urbana;VIA DELLA PINETA SACCHETTI;da specificare;;;;intersezione L.go A. Gemelli alt. civ. 12;Scontro frontale/laterale DX fra veicoli in marcia;Rettilineo;Due carreggiate;Bagnato (umidità in atto);Asfaltata;Orizzontale;Nuvoloso;Normale;Buona;Ore Diurne;0;0;0;5;;;-1;1;Autovettura privata;In marcia / fermata / arresto;Conducente;M;Illeso;0;;Non accertato;Inesploso
1795776;19;29/03/2009 15:50;Strada Urbana;VIA DELLA PINETA SACCHETTI;da specificare;;;;intersezione L.go A. Gemelli alt. civ. 12;Scontro frontale/laterale DX fra veicoli in marcia;Rettilineo;Due carreggiate;Bagnato (umidità in atto);Asfaltata;Orizzontale;Nuvoloso;Normale;Buona;Ore Diurne;0;0;0;5;;;-1;1;Autovettura privata;In marcia / fermata / arresto;Passeggero;F;Illeso;0;;Non accertato;Inesistente
1795776;19;29/03/2009 15:50;Strada Urbana;VIA DELLA PINETA SACCHETTI;da specificare;;;;intersezione L.go A. Gemelli alt. civ. 12;Scontro frontale/laterale DX fra veicoli in marcia;Rettilineo;Due carreggiate;Bagnato (umidità in atto);Asfaltata;Orizzontale;Nuvoloso;Normale;Buona;Ore Diurne;0;0;0;5;;;-1;1;Autovettura privata;In marcia / fermata / arresto;Passeggero;F;Illeso;0;;Non accertato;Inesistente
1795776;19;29/03/2009 15:50;Strada Urbana;VIA DELLA PINETA SACCHETTI;da specificare;;;;intersezione L.go A. Gemelli alt. civ. 12;Scontro frontale/laterale DX fra veicoli in marcia;Rettilineo;Due carreggiate;Bagnato (umidità in atto);Asfaltata;Orizzontale;Nuvoloso;Normale;Buona;Ore Diurne;0;0;0;5;;;-1;1;Autovettura privata;In marcia / fermata / arresto;Passeggero;M;Illeso;0;;Non accertato;Inesistente
1795776;19;29/03/2009 15:50;Strada Urbana;VIA DELLA PINETA SACCHETTI;da specificare;;;;intersezione L.go A. Gemelli alt. civ. 12;Scontro frontale/laterale DX fra veicoli in marcia;Rettilineo;Due carreggiate;Bagnato (umidità in atto);Asfaltata;Orizzontale;Nuvoloso;Normale;Buona;Ore Diurne;0;0;0;5;;;-1;2;Autovettura privata;In marcia / fermata / arresto;Conducente;M;Illeso;0;;Non accertato;Inesistente
1795777;19;30/03/2009 00:40;Strada Urbana;VIA USSEGLIO;in corrispondenza;;del civico n. ;26;;Veicolo in marcia contro veicolo fermo;Rettilineo;Una carreggiata a doppio senso;Asciutto;Asfaltata;Assente;Nuvoloso;Scarso;Sufficiente;Sufficiente;0;0;0;1;;;-1;1;Autovettura privata;In marcia / fermata / arresto;Conducente;M;Illeso;0;;Non accertato;Inesistente
1795778;19;29/03/2009 08:30;Strada Urbana;VIA DI CASAL DEL MARMO;in corrispondenza;;del civico n. ;588;;Veicolo in marcia contro ostacolo fisso;Curva senza visuale libera;Una carreggiata a doppio senso;Bagnato (pioggia);Asfaltata;Orizzontale;Pioggia in atto;Scarso;Sufficiente;Ore Diurne;1;0;0;0;;;-1;1;Autovettura privata;In marcia / fermata / arresto;Conducente;M;Ricoverato;0;NON DECEDUTO;Non accertato;Esploso
1795779;2;29/03/2009 06:05;Strada Urbana;PIAZZA VESCOVIO;da specificare;;;;fronte via di Priscilla;Veicolo in marcia contro ostacolo fisso;Curva a visuale libera;Due carreggiate;Bagnato (pioggia);Asfaltata;Verticale ed orizzontale;Nuvoloso;Scarso;Buona;Sufficiente;0;0;0;1;;;-1;1;Autovettura privata;In marcia / fermata / arresto;Conducente;F;Illeso;0;;Non accertato;Inesploso
1795780;20;28/03/2009 09:45;Strada Urbana;GALLERIA GIOVANNI XXIII;in corrispondenza;;della chilometrica ;0,85;;Veicolo in marcia contro ostacolo fisso;Galleria illuminata;Due carreggiate;Asciutto;Asfaltata;Verticale ed orizzontale;Sereno;Normale;Sufficiente;Ore Diurne;0;0;0;3;;;-1;1;Autovettura privata;In marcia / fermata / arresto;Conducente;F;Illeso;0;;Utilizzato;Inesploso
1795780;20;28/03/2009 09:45;Strada Urbana;GALLERIA GIOVANNI XXIII;in corrispondenza;;della chilometrica ;0,85;;Veicolo in marcia contro ostacolo fisso;Galleria illuminata;Due carreggiate;Asciutto;Asfaltata;Verticale ed orizzontale;Sereno;Normale;Sufficiente;Ore Diurne;0;0;0;3;;;-1;1;Autovettura privata;In marcia / fermata / arresto;Passeggero;F;Illeso;0;;Non accertato;Inesistente
1795780;20;28/03/2009 09:45;Strada Urbana;GALLERIA GIOVANNI XXIII;in corrispondenza;;della chilometrica ;0,85;;Veicolo in marcia contro ostacolo fisso;Galleria illuminata;Due carreggiate;Asciutto;Asfaltata;Verticale ed orizzontale;Sereno;Normale;Sufficiente;Ore Diurne;0;0;0;3;;;-1;1;Autovettura privata;In marcia / fermata / arresto;Passeggero;F;Illeso;0;;Non accertato;Inesistente
1795781;20;28/03/2009 11:30;Strada Urbana;VIA FLAMINIA;da specificare;;;;int.cim.Via Confraternita del Sacro Cuore di Gesù ;Infortunio per sola frenata improvvisa;Rettilineo;Una carreggiata a doppio senso;Asciutto;Asfaltata;Orizzontale;Sereno;Scarso;Buona;Ore Diurne;7;0;0;1;;;-1;1;Autobus di linea;In marcia / fermata / arresto;Passeggero;F;Rimandato;0;NON DECEDUTO;Esente;Inesistente
1795781;20;28/03/2009 11:30;Strada Urbana;VIA FLAMINIA;da specificare;;;;int.cim.Via Confraternita del Sacro Cuore di Gesù ;Infortunio per sola frenata improvvisa;Rettilineo;Una carreggiata a doppio senso;Asciutto;Asfaltata;Orizzontale;Sereno;Scarso;Buona;Ore Diurne;7;0;0;1;;;-1;1;Autobus di linea;In marcia / fermata / arresto;Passeggero;F;Rimandato;0;NON DECEDUTO;Esente;Inesistente
1795781;20;28/03/2009 11:30;Strada Urbana;VIA FLAMINIA;da specificare;;;;int.cim.Via Confraternita del Sacro Cuore di Gesù ;Infortunio per sola frenata improvvisa;Rettilineo;Una carreggiata a doppio senso;Asciutto;Asfaltata;Orizzontale;Sereno;Scarso;Buona;Ore Diurne;7;0;0;1;;;-1;1;Autobus di linea;In marcia / fermata / arresto;Conducente;M;Illeso;0;;Non accertato;Inesistente
1795781;20;28/03/2009 11:30;Strada Urbana;VIA FLAMINIA;da specificare;;;;int.cim.Via Confraternita del Sacro Cuore di Gesù ;Infortunio per sola frenata improvvisa;Rettilineo;Una carreggiata a doppio senso;Asciutto;Asfaltata;Orizzontale;Sereno;Scarso;Buona;Ore Diurne;7;0;0;1;;;-1;1;Autobus di linea;In marcia / fermata / arresto;Passeggero;F;Rimandato;0;NON DECEDUTO;Esente;Inesistente
1795781;20;28/03/2009 11:30;Strada Urbana;VIA FLAMINIA;da specificare;;;;int.cim.Via Confraternita del Sacro Cuore di Gesù ;Infortunio per sola frenata improvvisa;Rettilineo;Una carreggiata a doppio senso;Asciutto;Asfaltata;Orizzontale;Sereno;Scarso;Buona;Ore Diurne;7;0;0;1;;;-1;1;Autobus di linea;In marcia / fermata / arresto;Passeggero;F;Rimandato;0;NON DECEDUTO;Esente;Inesistente
1795781;20;28/03/2009 11:30;Strada Urbana;VIA FLAMINIA;da specificare;;;;int.cim.Via Confraternita del Sacro Cuore di Gesù ;Infortunio per sola frenata improvvisa;Rettilineo;Una carreggiata a doppio senso;Asciutto;Asfaltata;Orizzontale;Sereno;Scarso;Buona;Ore Diurne;7;0;0;1;;;-1;1;Autobus di linea;In marcia / fermata / arresto;Passeggero;F;Rimandato;0;NON DECEDUTO;Esente;Inesistente
1795781;20;28/03/2009 11:30;Strada Urbana;VIA FLAMINIA;da specificare;;;;int.cim.Via Confraternita del Sacro Cuore di Gesù ;Infortunio per sola frenata improvvisa;Rettilineo;Una carreggiata a doppio senso;Asciutto;Asfaltata;Orizzontale;Sereno;Scarso;Buona;Ore Diurne;7;0;0;1;;;-1;1;Autobus di linea;In marcia / fermata / arresto;Passeggero;F;Rimandato;0;NON DECEDUTO;Esente;Inesistente
1795782;20;28/03/2009 19:30;Strada Urbana;CORSO DI FRANCIA;in prossimità;;del civico n. ;259;;Tamponamento Multiplo;Rettilineo;Due carreggiate;Asciutto;Asfaltata;Assente;Nuvoloso;Intenso;Buona;Sufficiente;0;0;0;4;;;-1;1;Autovettura privata;In marcia / fermata / arresto;Conducente;M;Illeso;0;;Non accertato;Inesistente
1795782;20;28/03/2009 19:30;Strada Urbana;CORSO DI FRANCIA;in prossimità;;del civico n. ;259;;Tamponamento Multiplo;Rettilineo;Due carreggiate;Asciutto;Asfaltata;Assente;Nuvoloso;Intenso;Buona;Sufficiente;0;0;0;4;;;-1;2;Autovettura privata;In marcia / fermata / arresto;Conducente;M;Illeso;0;;Non accertato;Inesistente